static const char kernel_config_data[] __used = MAGIC_START
	"\x1f\x8b\x08\x00\x00\x00\x00\x00\x02\x03\x94\x3c\x4d\x73\xdb\xb8"
	"\x92\xf7\xf9\x15\x2a\xcf\x1e\x76\x0f\x93\x58\xb2\x2c\x3b\xb5\xe5"
	"\x03\x48\x82\x12\x56\x24\xc1\x00\xa0\x64\xfb\xc2\x52\x1c\x65\xc6"
	"\xf5\x1c\x3b\x4f\x96\xe7\xbd\xec\xaf\xdf\x6e\x80\x14\x01\x12\xa0"
	"\xb3\x39\xa4\xcc\xee\x46\xe3\xab\xd1\x5f\x68\xe8\xf7\xdf\x7e\x9f"
	"\x90\xb7\xe3\xcb\xf7\xdd\xf1\xf1\x61\xf7\xf4\xf4\x73\xf2\xe7\xfe"
	"\x79\x7f\xd8\x1d\xf7\x5f\x27\xdf\x1e\x9f\xf6\xff\x3d\x49\xf8\xa4"
	"\xe0\x6a\x42\x13\xa6\x3e\x00\x71\xf6\xf8\xfc\xf6\xef\x8f\xbb\xc3"
	"\xf7\xc5\x7c\x32\xff\xf0\xe9\xc3\xc5\xc5\xd5\x64\xbd\x3f\x3c\xef"
	"\x9f\x26\xf1\xcb\xf3\xb7\xc7\x3f\xdf\xa0\xf1\xe3\xcb\xf3\x6f\xbf"
	"\xff\x16\xf3\x22\x65\xcb\x9a\x97\x59\x25\x6b\x79\x27\x15\xcd\xeb"
	"\x35\x15\x05\xcd\xea\xcf\x31\xcf\x6f\x7e\xb6\x14\x44\xe4\x8b\x79"
	"\xf7\xb9\x98\x47\x4c\xd9\xd8\x78\x55\x97\xab\x3b\x59\x93\x24\x11"
	"\xb5\xea\xe3\xf3\xbc\xea\x3e\x12\x1a\x55\xcb\x5a\xf0\x84\x28\xd2"
	"\xeb\xa0\x2e\xc9\x92\xd6\x72\xc5\x52\x75\x33\x9d\xb9\x28\xf8\x50"
	"\x0d\x6a\xee\xf4\x9b\xe7\xa4\xac\x45\x91\xd4\xd0\xa5\xac\x73\x56"
	"\xdc\x4c\xaf\xc7\x08\xc8\xed\xcd\x2c\xc0\x01\xa6\x5c\x12\x65\x31"
	"\x9a\xfe\x02\x1d\xf0\x9b\x2e\x5a\x3a\x96\x65\x74\x49\xb2\xba\xe4"
	"\xac\x50\x54\xd4\x1b\x92\x55\xf4\xe6\xfc\xdf\x5f\xf7\xbb\xaf\xe7"
	"\xd6\xbf\x96\x5e\x2a\x12\xaf\x95\x20\x31\x4c\xbb\x2a\x4b\x2e\xac"
	"\x55\xcb\x78\xbc\x4e\x68\x39\x44\x18\x7a\x26\x3e\xa7\x19\x59\xca"
	"\x21\x5e\x6c\x25\xec\xe3\x6d\xbc\x5a\xc2\x76\xd4\x24\x5b\x72\xc1"
	"\xd4\xca\xda\xcd\x25\x2d\xa8\x60\x71\x0d\x1b\xe1\x05\xd6\x82\x66"
	"\x44\xb1\x0d\x6d\xe7\x21\x87\x64\xab\x2d\x65\xcb\x95\x1a\x22\x62"
	"\x59\x79\xba\x8a\x49\xc6\x22\x41\x14\x85\xfd\xcf\xc8\x5d\x47\x70"
	"\xcf\x0b\x80\xe5\x96\x28\xac\x08\x74\xdc\xb6\x13\x71\x55\x2f\xab"
	"\xb2\x27\x6b\x40\x1f\x10\xb5\x82\xd2\x44\xa3\x71\xaf\x60\x75\x15"
	"\xed\xe1\xe4\x52\xa3\x33\x5a\x2c\xd5\xaa\xc3\xc9\xdc\xea\x43\x6e"
	"\x19\x57\x59\xd4\x01\x18\x07\x11\xae\x57\x34\x2b\xa9\xe8\xa0\xcd"
	"\x49\xc9\x79\x42\x81\x37\x2f\x3a\x4c\xca\x6e\x6b\x4a\x44\x76\x07"
	"\xdf\x75\x4e\xad\xf5\x28\x97\x8a\x44\x19\x85\xfe\x37\x34\x93\x37"
	"\x17\xdd\xa9\x48\xdb\x6d\x67\x52\xdd\x9c\x7d\x7c\x7a\xfc\xf2\xf1"
	"\xfb\xcb\xd7\xb7\xa7\xfd\xeb\xc7\xff\xa8\x0a\x92\x53\xdc\x15\x4a"
	"\x24\xfd\xf8\xe1\x41\x1f\xe3\xb3\xd3\xe8\xc4\xe7\x7a\xcb\xc5\xba"
	"\xeb\x25\xaa\x58\x96\x28\x06\x6d\xe8\xad\xe9\x4f\xba\x12\xb4\x12"
	"\x94\x24\x35\x2b\x52\x0e\xff\xd5\x8a\x48\x6c\x0c\x0a\xe1\xf7\xc9"
	"\x52\x2b\x97\xa7\xc9\xeb\xfe\xf8\xf6\xa3\x53\x11\xac\x60\xaa\xa6"
	"\xc5\x06\xd6\x1f\x87\x98\xc3\x9a\x5f\x9c\x4e\x68\x2c\xb8\x94\xfa"
	"\x54\xb0\x8c\xde\x9c\x9d\x01\x9b\x16\x63\x60\xb5\xa2\x52\x4d\x1e"
	"\x5f\x27\xcf\x2f\x47\xe4\x6c\x89\x38\xc9\x36\x20\x5f\x0c\x56\xef"
	"\xec\x8f\xec\xe1\xf0\xf3\xe5\xe9\xf1\xb8\xb7\x38\xd8\x24\x35\xa9"
	"\x14\xf7\xb0\x81\xc5\x23\x55\xa6\xea\x15\x97\x0a\x57\xea\xe6\xec"
	"\x3f\x9f\x5f\x9e\xf7\xff\x75\xd6\x6d\x28\xc1\xed\x3d\x31\x05\x55"
	"\xb7\x61\x65\x6c\xb3\x3a\xe1\x4a\x2e\x61\xf7\xf2\xcf\x15\xad\xa8"
	"\xa7\x2f\x33\x57\xd8\x53\x2e\xee\x6a\xa2\xe0\xfc\xae\x6c\xce\xe9"
	"\x8a\x14\x49\x46\xbd\x9c\x2b\x49\xe1\x10\x78\x78\x92\x2a\xb1\x65"
	"\x58\x1f\x00\x2d\xe7\x1a\x01\x83\x85\x25\xc8\xec\x5e\x6c\xb8\xcd"
	"\x4f\xef\x20\x88\xc3\xe4\xf5\xed\xcb\xeb\xcf\xd7\xe3\xfe\x7b\xb7"
	"\x83\xed\x89\x42\x69\x29\x05\x8f\xe8\xf0\x90\x22\x4a\xae\xf8\x36"
	"\x8c\x31\x72\xeb\xc7\xe7\x6c\x09\x07\x9c\xd9\xe7\x60\x45\x44\x02"
	"\x28\xd0\x51\x5b\x90\x5e\x49\x8b\xc4\x3a\x53\xd0\x24\xe1\x39\x61"
	"\x85\x0f\x56\xaf\x18\x15\xb8\x06\x77\xc3\xce\x72\xc9\x90\x32\x88"
	"\x18\xb0\x35\x7b\xd2\x72\x36\x4d\x4f\x6b\x69\xf5\xa9\x4d\x93\x67"
	"\x7f\x90\x24\xe5\x22\x06\xf5\x61\x4e\x0e\x2b\x2c\xc5\x29\x4b\x22"
	"\x24\x75\x47\xa4\x77\x2f\x46\x0d\x2e\x79\x05\x0d\x6b\xd7\xda\xb5"
	"\x03\xd6\x47\x74\xd3\x6d\x70\x5f\x69\x22\x03\x58\xf0\x42\xc9\x1e"
	"\xeb\x15\x91\xd0\x38\x5e\xd7\x91\xe0\x24\x89\x89\x54\xa3\xad\x1d"
	"\x32\x2d\x24\xea\xf1\xfb\xfe\xf0\xea\x93\x13\xcd\x16\x94\x32\x6c"
	"\xb7\xad\x57\x79\xbd\xba\xc7\xe3\x9c\xeb\xfd\x3d\xad\x1e\x00\x41"
	"\x27\x32\x9e\xb0\xd8\xb3\x70\xa6\x15\x83\xc5\xb7\xdb\x18\x68\x5a"
	"\xb9\xb2\x6b\x23\xad\xad\x03\x23\x83\xa2\xa3\x97\x4a\xdb\x21\x3d"
	"\xfc\xb8\xac\x3e\xaa\xdd\xeb\x3f\x26\x47\x98\xc7\x64\xf7\xfc\x75"
	"\xf2\x7a\xdc\x1d\x5f\x27\xbb\x87\x87\x97\xb7\xe7\xe3\xe3\xf3\x9f"
	"\xbd\x09\x41\x83\x9a\xc4\x31\xaf\x0a\x65\x36\xef\x34\x9a\x0d\x13"
	"\xaa\x87\xc6\x25\x0c\x88\x81\xde\x31\x87\x51\x2b\x05\xf1\x0a\xc4"
	"\x63\x4b\x32\x65\x33\x8f\x64\x82\x87\x2d\xa6\xa0\x33\xa0\x95\x4f"
	"\x07\xa2\xf2\x45\x43\x25\xed\x76\x08\x34\x96\x72\xac\x59\x7d\x8b"
	"\x48\x4b\xad\x23\x8c\x71\xef\xf8\x4a\xc9\xec\x0e\xe0\xf3\xa4\x36"
	"\x13\x26\xd1\x46\x24\x03\x4d\x02\xc6\x77\x22\x87\x12\x52\x0a\x4a"
	"\xf3\x52\xa1\x6d\xb6\x9c\x0e\x30\xd4\xf4\x16\x64\xc1\x1a\x8f\x34"
	"\x14\xce\xac\x24\x52\x7a\xe6\x83\xed\x61\x19\xb2\xac\x13\x32\x0b"
	"\x93\x92\x82\x57\xea\x66\x31\x1f\x02\x41\x25\x91\xd4\x72\xc1\x0c"
	"\x46\xaa\x93\x24\x75\xdd\xc3\xb8\x35\x5a\x3b\x50\x5e\x15\x8d\xd8"
	"\x88\x73\xaf\xb1\x42\xdc\xba\xb1\x9c\x25\x88\xfc\xcd\xb9\x8d\x29"
	"\x78\x1c\xa1\x18\xd9\x1d\xda\x70\xf8\xa3\x08\xf7\x79\xa2\xba\xa7"
	"\x82\x07\xfa\x3e\xd1\x38\xba\x42\x9b\x7a\x70\x45\x8b\x59\x6c\xe9"
	"\xd1\xb5\xf9\x63\x08\xd1\xd2\xe8\xa8\xbf\xf5\x0a\x26\x04\x47\xcb"
	"\x6b\x9e\x91\x7f\xda\x7a\xe4\x57\xb6\x5d\x2f\x24\x07\x95\x9a\x42"
	"\xe0\xb0\x02\x6d\x01\xa6\x57\x41\x10\xb1\x0c\x30\xc1\x51\x83\xa3"
	"\xec\x32\xeb\xa9\x2b\x73\x80\xb4\xd2\xea\x29\xbb\xc6\xc1\x95\x75"
	"\x51\x81\xe7\x16\x91\x8c\x14\xb1\x23\xdb\xf1\x52\xf0\xaa\x74\x0e"
	"\x90\x01\x05\x35\x7a\x83\x4e\x41\x22\xee\xb5\x4b\xd7\x6f\x58\xb2"
	"\x44\x7a\x77\xeb\xc4\x78\xc3\x62\xaf\x7f\x50\x82\x99\xb7\xf5\x35"
	"\x2e\x38\xb2\x6b\x30\xfd\x51\x23\xd8\x3d\xc5\x0d\x5c\xaf\x87\xaa"
	"\x0a\xcb\x4e\xeb\xf0\x48\x1f\x6d\xdb\x0d\x05\x5f\x24\x5e\xf6\x3e"
	"\x5b\x8f\x67\x00\x03\x1f\x4e\x9f\x75\x4b\x80\xb2\x75\xd3\xa5\xbd"
	"\x0c\x26\x4a\xeb\x70\xe1\x35\xdc\x42\x70\x41\x23\x62\xef\x9a\x3d"
	"\x03\xcb\x29\x26\x4c\xd4\x5e\x0c\x28\x60\x17\x3e\xd8\x0d\x2a\xd2"
	"\xf0\x08\xa2\x32\xb5\x74\x0e\x8f\xd7\xa7\x4d\x72\x8c\x6e\x23\x60"
	"\x5c\xc0\x1a\x2a\xc7\x9d\xb2\x30\x82\x63\xcc\xe0\xdf\xf9\x15\x8d"
	"\xd7\x3a\x20\x42\x83\xa4\x80\xda\x67\xbe\xc0\xfd\x04\x87\x00\x14"
	"\x7e\xd7\x71\x85\xa2\xeb\x48\x27\x08\x82\x00\x90\xdf\xff\x04\x51"
	"\x29\x7c\xa7\xb1\xa0\xca\xb0\x71\x46\x8d\x2e\x71\xbb\x7b\x0e\xc2"
	"\x15\x9d\x56\xd7\x43\xcf\x35\x1e\xb8\x25\x18\x96\x2d\x11\xb4\xe7"
	"\x15\xa7\x12\x28\x41\xbf\xc7\xb0\x08\x89\x5f\x5b\xa1\x51\xf2\x8c"
	"\x0e\x45\x05\x0e\x85\x0e\x14\x84\xed\xe6\xe1\x37\xc9\x81\xb1\xf1"
	"\x84\x30\x3c\x68\x59\x25\xf5\xf2\x9e\x59\x03\x07\x40\x04\x80\x99"
	"\x03\xc9\xee\x75\x70\xd8\x0d\x20\xa9\x6f\xef\xfd\x43\x43\x62\xaf"
	"\xf6\x44\x84\x95\xbe\x88\xe3\x9a\x97\x60\xc9\xd9\x3d\x45\xbf\x4e"
	"\x8b\x17\x17\x39\xa8\x15\x67\x3d\xfa\x64\x12\xfe\xf0\x70\x47\xf7"
	"\x4d\x65\x3d\xf7\xbd\x62\xc9\x74\x61\x6d\x89\xa6\x01\x03\x19\xd3"
	"\x12\x5d\x64\x63\x82\xac\x43\x68\x8b\x70\xdf\x8c\xf6\x78\xe5\xb0"
	"\x8f\x0c\x25\xc8\xd9\xbb\x25\x55\x39\x9a\x7f\x4f\x54\xe0\x6c\xaf"
	"\x27\x9a\x68\x06\x17\x6e\xb9\x06\xb0\xbc\xcb\x2d\xd9\x6b\x21\x75"
	"\x8f\x55\x07\x8f\xc0\x3e\x54\x10\xee\xc3\x54\x40\xc3\x8d\x30\x05"
	"\x85\x2e\xe9\x29\xe3\x60\xeb\x4d\x38\x69\x4e\x4c\x6b\x29\x39\x9a"
	"\xa5\xfa\xbc\x5a\x68\xe4\x82\x3e\xa5\xa5\x70\xa0\xff\x5b\xab\x4d"
	"\xc9\x6d\xac\x64\xcb\x82\x64\xa9\x25\xaa\xda\xc5\xb4\x01\xda\x79"
	"\xb6\x01\xb0\x4d\xf5\xc0\x5b\x97\x2b\x27\xc2\x27\xe0\x19\x74\x1f"
	"\xc9\x86\xc1\xb8\x9a\x36\x8e\x0e\x40\x5e\x55\x01\xb3\xdc\x9c\x0e"
	"\x27\x4f\xd3\x50\xe0\x28\x34\x45\x9a\x78\x16\xb2\x8c\x59\xfd\xb9"
	"\x62\x62\x2d\x1d\x85\x1f\x11\x21\x98\x6d\x27\x00\x44\x93\xc4\xd6"
	"\xbb\x5a\x52\x51\xf8\xeb\x53\x90\xa1\xfd\xbe\x26\x5b\x58\xee\x0f"
	"\xdf\x5e\x0e\xdf\x77\xcf\x0f\xfb\x09\xfd\x7b\xff\x0c\xfe\x35\x01"
	"\x4f\x3b\x46\x0f\x1b\x82\x07\xcb\x21\x74\x58\x74\x9a\x0c\xc1\x5a"
	"\xd5\x49\x08\x04\xfd\x4a\xd5\xd8\x99\x96\xb2\xde\xe4\xb0\x4c\xdc"
	"\x17\x4a\x6c\x72\xd3\x43\x6b\xff\x9c\x9e\x64\x56\x45\x43\x5b\x6f"
	"\xa1\x49\xa4\x93\x41\xa3\x34\xc0\xa2\xb1\x93\xfa\xa0\xf0\xc2\x6f"
	"\x05\x9a\xdc\x9f\x58\x07\xbb\xf2\x9d\x3d\xe0\xee\x0e\x98\x47\xe1"
	"\xa1\xa2\x5b\x82\x69\xa0\x5a\x40\xe0\xca\xf3\x00\x3f\xed\x55\x41"
	"\xec\xa9\x18\xc9\x1c\x4d\x83\x59\x5c\x34\x7d\xf5\x06\x1c\xab\x94"
	"\xc5\xbd\xa0\x1c\x1c\x92\x94\x65\x8e\x03\xa5\xb5\x91\x36\x6d\xce"
	"\xb2\xae\x75\x9e\xc0\x6f\xa6\xfe\xa7\xca\xcb\x1a\x06\x4b\x33\xbf"
	"\xc8\x8e\x34\xd5\x62\xa7\xf3\x76\xa0\x3e\xe0\x14\xa2\x15\x8b\x31"
	"\x44\xf2\x4c\x54\xd3\xd2\x14\x66\xc1\x70\xf3\xab\xc2\x6d\xd1\x93"
	"\xe5\x66\xc0\x7d\xa8\xa0\xca\x8b\xd0\xde\xa5\x9e\xfb\x8a\xf3\x75"
	"\x0f\x89\x59\x42\x4c\x3a\xb3\x65\xc5\x2b\x4f\x02\x54\xc2\xfc\x31"
	"\xb2\x6d\x52\x02\x9e\x9c\x08\x22\x51\xe7\xd4\xe0\xf6\x0d\x52\x98"
	"\x18\xc1\x83\x51\x51\x2c\xbd\x6b\x2d\xa3\xdb\xbf\xa0\x4b\x50\xa3"
	"\x45\x62\x72\xc4\xcd\x7c\x6b\x52\xb2\x1e\x5d\x9c\xf9\x46\x0e\x74"
	"\x46\xd8\x7b\xb8\xd5\x16\x44\x97\x12\xe3\xc7\xf8\x34\x01\x76\xeb"
	"\x83\x9b\x73\xac\x87\x92\x54\x76\xb2\xb4\x5b\xc9\x4e\x24\xfa\x53"
	"\xc1\x98\x4b\xa7\x21\x51\xb2\xfb\x4d\x9b\x0d\x95\x4a\x54\xb1\xd2"
	"\x3e\x6e\x7f\x86\x79\x89\xc9\x6c\x93\x0a\x0c\xe0\x12\x5e\x45\x19"
	"\xed\xad\xf1\x96\x68\x7d\xa1\x0f\x2c\x2b\xe3\xda\x24\x6a\xda\x7c"
	"\xa3\x67\x06\x92\xc6\x48\x5e\xc3\xf9\x70\x5c\xec\x10\xdc\xa4\xaa"
	"\xc1\x4f\xc0\xd8\x87\xb9\x3e\x9e\x05\x0e\xc9\x35\x50\xe8\x15\x05"
	"\xe1\x54\x34\x06\x8f\xd2\x71\x51\x06\x28\xdb\x31\x71\x91\xe1\xe0"
	"\x72\x48\x0a\x1b\x5c\x65\x44\xf8\xdc\xe9\x01\x2d\xec\x09\x77\xb3"
	"\x25\x99\x37\x01\xeb\x86\x69\x40\x03\x52\x49\x6c\x05\x83\x20\x1c"
	"\x63\x8f\x95\x21\x0b\x2e\x0f\x9c\x3e\x7a\xab\xf4\x09\x5d\x3b\xfa"
	"\x4a\xa3\x03\x89\x9b\x1e\xd5\x68\xd2\xc6\xd1\x02\x05\x26\xf2\x50"
	"\xc9\xac\xaa\x25\xf5\x88\xa1\x39\xb6\x80\x43\x2b\xd5\x3f\x00\x39"
	"\x4f\x9a\x55\x28\x69\x8c\x4a\xd7\xb2\xc5\x3c\xa9\x32\x2a\x8d\xeb"
	"\x9d\xa5\xda\xd5\xf1\x28\x03\x8d\xd2\xfa\x1e\xdc\x4c\x5f\xd7\xce"
	"\x3d\x56\x8f\x81\x8b\xeb\x2e\xc0\x3c\xad\xad\xcb\xab\x10\x13\x9b"
	"\x64\xba\xe8\x29\xee\x76\xc0\x2b\xaf\xbc\x31\x09\x11\x7a\xa5\xf5"
	"\x94\x4f\xc2\x32\xbc\xed\xc1\x60\x11\x62\x8f\xc4\xea\x9f\x67\x09"
	"\x3a\x64\xb2\x82\xe5\x2b\x92\x0b\xeb\x1c\x98\xa1\x34\x78\x12\xbb"
	"\xa6\xcc\x5c\x5c\x0a\xce\x95\x89\xce\xfa\x98\x1c\x77\x1c\x42\x13"
	"\x3e\x44\xd1\x5b\x1a\xc3\x6c\xbc\x38\x93\x35\x05\x1b\x96\x71\x5b"
	"\xb1\x37\xd7\xa4\x34\xae\x20\x50\x5c\x56\x44\xb8\xa1\xaa\xce\xf1"
	"\x58\xb6\x2a\x4d\x47\xcc\x9f\x5e\xc5\x4d\x73\x49\x15\xaf\x07\xa9"
	"\xb7\x65\xcc\x37\x7f\x7c\xd9\xbd\xee\xbf\x4e\xfe\x61\xbc\xb1\x1f"
	"\x87\x97\x6f\x8f\x4f\x26\xb3\x69\x29\x19\xbe\x69\xee\xa1\x42\xc7"
	"\x12\x65\x4b\x93\x19\xbb\x4f\xdd\xf4\x91\x73\xd9\x66\x4c\xde\x8a"
	"\xe2\x29\x70\xa2\xf3\x1c\x3d\x69\xdb\x7c\x6a\x6f\x5b\xa2\xb3\xd6"
	"\x65\xc1\x1a\x39\xb7\xd7\xc4\x80\x4c\xee\xbc\xc6\xc5\xf4\x0c\xb2"
	"\xa1\xa9\x0a\x77\xb1\x9d\xa6\x1e\x64\xa3\xc5\x7d\xdd\x49\x11\x9f"
	"\x2e\x8c\xbc\xf1\x4c\x4b\x67\x27\xc8\x3a\x98\xe9\xd3\x8b\xe9\x45"
	"\x3b\x16\x06\x3c\xdc\xa9\x77\xb7\x5d\x9a\xd9\x6c\xfe\x2b\x54\x97"
	"\x8b\x5f\xa0\xba\xb8\x9e\x8f\xce\x0d\x69\x2e\xa7\x33\xef\x44\xf0"
	"\xfc\xde\x9c\xbd\xfe\xb5\x03\x82\xb3\x41\x07\x78\xe8\x44\xcf\x1f"
	"\xb3\xb2\xa8\x2c\x87\x0d\x01\x6d\x96\xd4\x6b\x0c\xe0\x82\x83\x90"
	"\x26\xe3\x9a\x81\x6f\x65\xbb\x3f\xbd\x23\xd7\x26\x0e\x22\xe9\x18"
	"\x1a\x0b\xdc\xbb\x34\x1b\x90\xe0\x15\xf5\x52\x30\x75\x37\x4a\x05"
	"\x6e\x1a\x57\x0a\xfd\xde\x20\x59\x9c\x27\x80\xa7\xc6\x4f\x10\x83"
	"\x33\x59\xee\x0e\xc7\x47\xac\x9c\x98\xa8\x9f\x3f\xf6\x76\xfc\x83"
	"\x4e\xb8\x0e\xeb\x21\xde\xc3\x2c\x82\xa3\x18\x08\x04\xaa\x45\x47"
	"\xe3\xed\x9d\xb0\xdb\x77\x28\xb8\x4c\xdf\xe3\x91\x83\x82\x7c\x8f"
	"\x46\x11\xc1\xde\xa1\xc9\x49\xec\xa7\x68\xf1\x32\xe1\xb2\xa3\xe8"
	"\x5f\x77\x24\x4c\xae\xc3\x71\x41\xce\x0a\x98\xaa\xac\xa2\xf1\x31"
	"\x48\x0e\x2e\x0a\x93\xf5\xed\xf5\xe2\x9d\xd1\x56\xc0\x0f\x13\x59"
	"\xef\xf4\x9b\x25\xf9\x3b\x8c\xe4\xf2\xbd\x85\x81\x00\x5c\xbc\xbb"
	"\x4f\xb2\x7a\x6f\xaf\xd7\x44\xe4\x64\x74\x85\x69\xca\xfc\xeb\x8b"
	"\xf7\xd6\x8b\xeb\x77\xf8\x5b\x52\x1c\xec\x41\x9f\xc1\xc6\xb8\xba"
	"\x47\x31\xff\x8c\x09\x85\x36\x13\xc0\xf8\x44\x3e\xfc\xb5\xc7\x32"
	"\x04\x3b\xe0\x67\xdc\xe4\x18\x0b\xce\x4b\xbb\x4a\xc2\x40\x13\x08"
	"\x87\x70\x04\x43\x4c\x9c\x3a\x57\xaf\xf0\xd9\x24\x7e\x1b\x82\x40"
	"\x8a\xa0\xb9\xa6\x6a\xd8\x8e\x14\x00\xf4\xf8\xb7\x60\x1c\xe6\x48"
	"\xab\xa6\xf3\x9b\xb3\x87\x6f\xff\x3c\xeb\x8c\x7d\xc9\xeb\x14\x87"
	"\x8e\x49\x40\xcb\x53\x92\xc5\xd4\x4a\xcd\x15\xac\xd0\x8b\x2d\x4b"
	"\x56\x68\x33\x15\xbe\xbd\x20\x0a\x5c\xbb\xb8\x16\xf9\xd6\xce\xe5"
	"\x81\x61\x35\x8d\x41\x7b\xf0\x6d\x61\x47\x17\xa6\x8e\x27\x80\xd4"
	"\x1b\x18\xc0\xe9\x7e\xd1\xdd\xd4\x45\x0c\x09\x30\xd2\x37\xd1\x1d"
	"\x41\x08\x6e\x7a\xc4\xcb\xad\x53\x76\xb8\xcd\xa5\x9d\x6e\x4a\x8c"
	"\x2a\x7c\xda\x1d\x31\x37\x04\xcb\xf9\xb4\x7f\x68\xaa\xc9\x3a\x2d"
	"\x63\xe6\x5d\xdc\x32\xbf\x12\xd2\xa5\x0d\x59\xc9\x02\x31\x8b\xc6"
	"\x47\x71\x3e\xbb\xbe\xb8\x1c\x25\x80\xa0\x4e\xf0\x78\x84\x84\x0a"
	"\xd8\x9c\x11\xbc\x88\x73\xa9\xa2\x30\x01\xbd\xbd\x2b\xb8\x0c\xe3"
	"\x33\x72\x07\x8e\x46\x4c\xca\x91\x89\x64\xcb\xe9\x3a\x8c\x5d\x31"
	"\x39\xb2\x48\x39\x4d\x18\x51\x74\x3d\x46\x21\xf9\xc8\x0c\xf3\x0d"
	"\x8d\xaa\x90\x67\xd8\x94\xf8\xf5\xb6\x2d\xc9\xaf\xe7\x23\xcb\x6e"
	"\xf0\xe0\xba\x06\xc3\xc0\x24\x5f\x5c\x9d\x0f\xf8\xe6\x32\xbf\xfe"
	"\x74\x79\x31\x32\x54\x24\xb8\xb8\x7a\x87\x60\x7e\xfe\x0e\xc1\x74"
	"\x84\xc3\xe7\x7c\x36\x1d\x9f\xda\xfc\xf2\x7c\x14\xbf\xb8\x98\x8d"
	"\xb7\x9f\x7d\x1a\xc7\x5f\x8c\xe0\x41\x96\xd7\xf1\x8a\x95\x23\x1c"
	"\x28\x01\x17\x66\x44\xd8\xc0\x73\xa7\x92\x8c\x48\x2c\x44\xf4\x44"
	"\xb1\xdb\xe9\xc8\x34\xd1\x99\x22\x23\x1c\x4a\x91\x8c\x34\x5e\x55"
	"\x45\xe2\xfa\x4e\x2e\x01\x68\xcc\x12\x6b\x7b\xc2\x14\x1b\x7a\x1b"
	"\xf6\x3e\x0d\x45\x95\xc5\x64\x44\xea\x6f\x31\xa0\x09\xa3\xef\x6f"
	"\x47\x70\x77\xc5\xe7\xbc\x1c\xb8\x7e\xd1\x1b\xd6\xca\xfc\xf8\xf1"
	"\x72\x38\x5a\x6e\x5f\x6c\xe5\xe2\x30\x0b\x6f\xca\x88\xa4\x17\xd8"
	"\x06\x59\x2e\xd2\x73\x1b\x03\x60\x8a\x06\x03\xa2\xe8\x40\xb2\x5f"
	"\xc7\xd7\xde\xea\x47\xc4\xe6\x92\x0d\x00\x6e\x55\x94\xdd\xd5\x48"
	"\x46\x1c\xb1\x82\xea\x7c\x7c\x73\x6b\x3c\xa8\xbf\x73\x68\xa5\xaa"
	"\xa2\x20\x92\xf1\x4d\x10\x07\xf6\x26\x8c\x23\x92\x25\x41\x2c\x9c"
	"\x78\x7f\x88\x6d\xaa\x11\x90\x66\xe8\xc5\x03\xec\xaf\x97\xd7\xe3"
	"\xe4\xe1\xe5\xf9\x78\x78\x79\x02\xcf\x66\xf2\xf5\xf0\xf8\xb7\x71"
	"\x70\x9c\x6d\xa8\x93\x6d\x5d\x66\x44\x05\xfb\xc7\x82\xc3\x76\x63"
	"\xc3\x44\x21\x15\xaf\xbb\x40\x25\x3c\xce\xbf\x39\x52\x75\x49\x7f"
	"\x91\x90\xc6\x24\x1f\x4c\xbb\xb9\xd3\x49\xf7\xbb\xe3\xdb\x41\x07"
	"\x2f\x1a\x0c\xbe\xe8\x64\x7f\x38\xec\x8e\xbb\xc9\xbf\x5e\x0e\xff"
	"\xd8\x1d\x5e\xde\x9e\xbf\xbe\x4e\xfe\x7e\xdc\x4d\x8e\x7f\xed\x27"
	"\xbb\xa7\x23\xb4\xdb\x1d\x61\x79\x5e\x27\xdf\x0e\xbb\xef\x7b\xa4"
	"\xea\x8e\x80\xa9\xcd\xa6\x02\x94\x4a\x95\xd7\xd7\xb3\xc5\xc5\xf4"
	"\x53\xbf\xa8\xbb\xc3\x5e\x8d\x62\xe7\xe7\x8b\x30\x76\xfa\x69\x7e"
	"\x35\x0b\x62\x2f\x66\xe7\x57\x97\x41\xec\xfc\xf2\x6a\xa4\xdf\xf9"
	"\xc5\x3c\x8c\x9d\x9e\xcf\xe6\x57\xd3\xeb\x20\x7a\x7a\x7d\x7d\x7d"
	"\x75\x11\x44\x5f\xcd\x67\xe7\x9f\xac\xd6\x31\xd9\x30\x80\xb7\xf8"
	"\xd9\xec\xc2\x1e\x76\x1f\x7b\x31\xbd\x9c\x87\xb1\x57\xf3\x4b\xeb"
	"\x52\x18\xc5\xa8\xfe\x9c\xa4\xb0\x8a\xe7\x27\x9a\xf3\xf3\xc5\x60"
	"\x55\xe6\x6b\x9d\x62\x97\xae\x81\x46\xcc\x74\xd1\xa0\x02\xda\x11"
	"\x69\x16\x73\x0f\x8d\x43\xb1\x21\xa6\x2e\xfe\xe2\xd3\xb0\x87\x16"
	"\x37\xbf\x7e\xaf\xf9\xcd\xc5\x27\x37\xb3\x16\x61\x58\x54\x80\x37"
	"\xe4\x8b\x66\x4c\x70\x91\xc7\xc3\x9a\x0e\x99\xfb\x2a\xb9\x0a\xa1"
	"\x8b\x71\x6e\xba\x34\x69\xa3\x2f\x4c\xfd\x96\x6d\x0f\x80\x74\x59"
	"\x32\x7e\x33\x9d\x5d\x9f\x5b\x15\x8c\x55\xee\xb7\x90\x6d\x69\x5c"
	"\x30\x1f\xdf\x12\x6c\x78\x56\x15\x10\x8c\xfb\x4a\x29\x1a\x1a\xfb"
	"\xc6\xce\x34\xd2\x09\xec\x5e\xf5\xe5\xf4\xdc\x6f\xca\x01\x35\xbb"
	"\x0c\xa2\x2e\xdc\x56\x0e\xbb\x73\x2b\x3b\x78\x7f\x33\xb5\x5f\x2b"
	"\xe8\x35\x5d\x09\xac\xa8\x0c\x45\x39\xcd\x85\x2e\xc8\x88\xb6\x1c"
	"\x9e\x44\xf7\x8a\x63\x6a\xc8\x54\x50\x63\xed\x7c\xd6\x67\xa5\xd3"
	"\x2f\x80\x6f\xac\x4e\x10\xdd\xc4\x6f\x7d\x3c\xcd\x68\xac\xda\x0a"
	"\xed\x5e\x07\x5d\xee\xb5\x4c\x0b\x7c\x9d\xc1\xec\xeb\xf0\x6d\xef"
	"\x26\xbb\x8b\xba\xbb\xf9\xe1\x05\x80\xca\xa2\x54\xfa\xee\x9a\xf4"
	"\xed\x40\x99\x27\xe6\xc2\xdb\x33\xf7\x98\xc0\x12\xd6\x26\x62\x74"
	"\xd2\xfc\xa3\xa3\xee\xa6\x9c\x93\xa2\x22\x3e\x4c\xff\x3a\xc2\xf0"
	"\x29\x75\xd1\xb5\xf2\x71\xa2\xb7\x4a\xc0\x1f\x3e\xd4\x06\xfe\xcb"
	"\x4f\xa5\x62\x23\x14\xd6\x04\x0b\x7c\xe8\x00\xc1\xe8\x3a\xba\x53"
	"\x14\x8f\xef\xc5\xac\x2b\xc9\x8c\x33\x4a\x0a\x88\x58\xb7\x63\x68"
	"\xab\xf5\xf4\xd3\x62\x71\x7e\xdd\x9f\x50\x2f\x6f\x58\x70\xac\xd4"
	"\x54\xce\xdc\x9b\x69\x33\x4c\x1f\xf5\x73\x27\x9a\x4d\xd3\xc2\xbc"
	"\x7c\x28\x60\x95\x7d\xda\xa4\xcc\x98\xaa\x4b\x65\x52\x24\xa8\x27"
	"\xe6\xce\x6d\x44\xef\x0e\xc2\x53\xf6\x3e\xf2\x14\x2a\x82\x23\xec"
	"\x56\x19\xad\x65\x3e\x92\x9b\xd0\x1b\x81\x4b\x83\xec\x6e\xe6\xe7"
	"\x9f\x16\x76\x26\x76\x78\x67\xe5\xcf\x08\xe1\x02\x6b\xd1\xf3\xa2"
	"\x53\xc1\x41\xde\xb7\xc4\x5b\xe4\xe7\x16\x5f\xc1\xe7\x88\xc7\x78"
	"\xc2\xa6\xd2\xcf\x0a\x0e\x02\x25\xf2\xc6\x2a\x24\xbd\x2f\x39\xf7"
	"\x67\xec\xee\xa3\xca\x77\x5d\x70\x2f\xf3\x9e\x62\x69\x9f\xd4\xc0"
	"\x4a\x95\xbd\xda\xee\x96\x58\x17\x7f\x78\x8b\x4a\x08\xde\x58\xdf"
	"\xc3\x49\xa9\xc4\x12\x2f\x10\x53\xa2\x2f\x5b\xbb\xb7\x2d\xed\xdd"
	"\x88\x7e\xce\x03\x6e\x2c\x1c\x1a\x5b\xf0\x4d\x35\x2a\x35\x07\x40"
	"\x5f\xaf\x08\x1a\x67\x84\x39\x81\xb5\xa9\x04\xc0\xe2\xcd\xf6\x2a"
	"\xd3\x33\x96\x54\xe0\x1b\x9f\xcd\xe0\xb2\xd7\xdc\x80\x98\x69\xc0"
	"\x4e\xe5\xfa\x96\xe6\x9e\x7b\xf3\x60\x6d\xa9\x79\x37\x06\xaf\x8e"
	"\xc6\x3b\xca\xaa\x7d\xe1\x85\xc3\xea\xe9\xd1\xf7\xf0\xcd\xe5\x5a"
	"\x0e\x67\xca\x49\x1f\x19\x13\x8e\xe3\xc3\xe4\x93\x7e\x34\xe5\x43"
	"\x9a\xd7\x54\xfa\xde\x3f\x47\xed\xf4\xa9\x77\xcd\xee\x84\x28\x44"
	"\x10\xbc\xe8\xf5\x1b\xd3\x06\xd9\xbf\xe0\xf5\xa7\x5d\xf1\xc6\xcf"
	"\x8b\xb9\xa5\x81\x94\xfb\x3a\x9b\xd7\xcb\xca\xff\x74\xc9\x6c\x0b"
	"\x16\x35\xe3\x5e\x70\x01\x8e\xb7\xf5\x5e\xb0\x2a\x50\xb2\x9a\x07"
	"\x62\x44\xd5\x34\x3b\x77\x5f\xc5\xd0\xa2\x8e\xe0\xf8\xa2\x21\x12"
	"\x34\x61\xee\xe5\x7f\x29\x31\xca\x2b\x1b\x42\xe7\xc6\xda\xac\xa2"
	"\x94\x91\x7d\x1b\xc6\x14\x5b\xe2\xd3\x3a\xdc\x37\xd0\xea\x2d\x67"
	"\x08\x3c\x80\xed\x9d\xd3\x78\x73\x6d\x15\x78\xda\x2f\xde\x40\xdd"
	"\xe7\x55\xd6\x53\x64\x71\x39\xbd\xac\x9b\x42\x32\x1f\x5e\x52\x05"
	"\x4e\x99\x0f\xd3\x8c\x73\x5b\x2b\x15\x89\x73\xd8\xa9\xa2\x4d\x1d"
	"\x02\xe6\xef\xeb\x0f\xd3\xc9\xee\xf0\xf0\xd7\xe3\x71\xff\x00\xe1"
	"\xc8\xee\x69\xf2\xad\x8b\x4b\x1c\x0e\x60\x93\x49\x9a\x44\xf9\xf0"
	"\xa5\x68\x31\xf4\x2f\x33\x90\x3a\x93\x65\x1d\xf3\x61\x37\xae\x1a"
	"\xb4\x06\x35\xfb\xc5\x41\x55\x84\xf7\xc7\xd3\xde\x9c\x69\xcb\x0d"
	"\x2a\x45\x2c\x69\x80\xa4\xcc\x6c\xdf\x42\x50\xac\x6a\x51\xae\xa1"
	"\x3d\x95\x01\xe8\x7b\x56\x1f\xbc\xe1\x25\xe8\x12\x6f\x9d\x9a\xb2"
	"\x47\x93\xa9\x78\x81\x79\xbd\xfc\xc0\x94\xac\x35\xee\xe6\x4e\xc0"
	"\x79\x9b\x47\x53\xdf\x15\xbd\x79\x4f\x60\x46\x0c\x0a\x15\xb6\x17"
	"\x33\xfa\x2a\xaa\x59\xee\x94\x44\xb0\x1c\x74\xe3\x3d\x62\x1c\x4d"
	"\x07\xd0\x44\x45\xbf\xca\xb7\x39\x20\x9a\x75\x6d\x5e\xee\xb1\xef"
	"\xbb\x3f\xf7\x1f\xfe\xfc\xdf\x3f\xbe\x1e\xbf\x9c\xfd\xda\xa0\x4c"
	"\xd1\xb5\x55\x58\x6c\x93\x37\x5d\xb4\x57\x9a\xb8\x5c\x4d\xd1\x71"
	"\x77\x6b\x65\x91\x83\x75\x6e\x28\x4f\xc3\x7b\x67\x32\x89\xaa\xf9"
	"\x86\x0a\xf3\xa8\x55\x6f\x41\xf5\xba\x3f\xbc\xfe\xd8\x3d\xec\x27"
	"\x5f\x1e\x9f\x77\x87\x9f\x13\x5d\x45\x79\xb4\xb6\x23\x02\xff\x23"
	"\x47\xad\x90\x0e\x2a\x1d\x7c\x28\xf8\x68\x8a\x5d\xad\x32\x44\xbc"
	"\xf2\xc2\x82\xab\xd6\x53\xc0\xfa\x91\xf0\x53\x8e\x86\xad\x8c\x05"
	"\x2b\xd5\xc0\x2d\x22\xbc\xf2\x6b\xd8\xa6\x59\xce\xa4\xaf\x26\x13"
	"\x07\xe1\x16\x83\xf5\x6f\x94\xd6\xba\x6c\xcc\x3c\x9c\xb5\xcb\x87"
	"\xe9\x9d\x1c\xd0\x36\x0b\xb0\x49\xa4\x75\xba\x9c\xa7\xa5\xb8\xe2"
	"\x17\x33\xdc\x68\x93\xc9\x79\xf9\xd7\xfe\x30\xf9\xbe\x7b\x06\x89"
	"\xf9\xbe\x7f\xf6\x88\x7d\x53\x4f\x62\x29\x2c\x03\xf0\x3d\xfc\x68"
	"\x51\x72\xcd\x4a\x70\xf9\x0b\xbf\xad\x58\xb1\x08\x84\x82\x04\xae"
	"\xd5\xca\xbc\x96\x19\xa5\xd6\x82\xb4\x90\xe6\x81\x71\x67\xba\x72"
	"\x9d\x4c\xd3\x38\x3f\xa3\x2d\x59\xd3\xde\xf5\x8c\x0d\x6d\x1e\xe1"
	"\x9e\x3b\x2c\x3b\xec\x32\xf6\x72\xed\x0d\x21\xf4\x3c\x06\x50\xbc"
	"\x74\x67\xe1\x94\x19\xc2\xf7\xa9\x66\xa4\x9f\xf3\xdc\x7e\xae\x4b"
	"\xbe\x45\x7b\x71\xaa\x84\x19\x04\x6a\xc3\xf6\x9e\x75\xeb\x53\x70"
	"\xfb\xb0\x60\xe9\x6b\xdf\xbf\xb1\xf6\x06\x5f\xf1\x4a\xe6\x09\x1e"
	"\x9b\x4d\xb6\xd0\xed\x7b\xc2\x46\x9c\xf2\x93\x38\xb5\x29\x32\xc4"
	"\xb1\xaf\x4f\x7b\x4b\x9b\x42\xef\xcd\xa3\xc6\x1e\xc4\x14\xe7\x97"
	"\xf8\xd8\x54\xb0\x4d\xaf\x4a\xf9\x44\xb4\xe4\x1b\x30\x11\x49\x2f"
	"\x4f\xee\xa3\x02\xff\xa8\xb2\x0c\xe7\x69\x2c\x93\x64\x98\xb1\x04"
	"\x3c\x36\x66\xc9\xd8\x05\x01\xbe\x81\x97\x5d\x1f\xe0\x31\x95\xbe"
	"\x97\x7f\xd8\x4f\x7a\xd8\xff\xf3\x6d\xff\xfc\xf0\x73\xf2\xfa\xb0"
	"\x7b\x72\x9e\x54\x62\x7b\x38\x42\x9f\xdd\x05\x40\x88\x1e\x35\x51"
	"\x4a\xd4\xee\x5b\x27\x1b\xdd\x7f\xe0\x77\x42\xa2\x97\xde\x5f\xb0"
	"\x13\x02\xa4\x48\x11\x96\xc9\xc0\x92\x69\x3a\xf4\x03\xa5\x87\x71"
	"\xab\x23\xb1\xf7\xd0\x63\x0f\x2f\x2d\x0a\xb2\x04\x0d\xe9\x0f\x77"
	"\x7c\x4d\x50\xe1\xe9\x07\x40\xbf\xde\x84\x83\x39\x83\xf1\x24\xbf"
	"\xde\x02\x9f\xdf\x51\xb1\xd1\x1e\xfa\xaf\xb7\xd2\x3f\xe5\x80\xe1"
	"\xeb\xff\xa7\x91\xce\xf9\x54\x8a\x65\x63\xeb\x3e\x5c\x57\x2f\x45"
	"\xbb\x9a\x01\xfc\x69\xe9\x02\xf8\x76\x9d\xbc\xdb\x36\x32\x41\xbf"
	"\x0c\x76\x2b\xe8\x76\xa7\x9f\x7f\x06\x46\x70\x5a\x0c\x5b\x6f\x7c"
	"\xeb\x9f\x13\xdf\x75\x02\x10\x9a\xa5\x55\x21\xcf\x54\xa7\x38\x33"
	"\x86\xf7\x7b\x2d\x75\x90\x74\xcd\xc4\x7a\xcb\x79\x32\x4a\x78\x1a"
	"\x79\xee\xcd\x30\x14\x74\x68\x7b\x01\x06\x6e\xe2\x1a\x6f\x95\x65"
	"\x93\x24\xb6\x1e\x9f\x41\x20\x22\x9c\x9a\x7b\x04\xd2\x16\xa6\x67"
	"\x5b\xec\x8f\x78\x41\x80\x8b\x30\x30\xc6\xb0\xb3\x6b\xaa\xdc\xe0"
	"\x0e\x21\x75\xc2\x88\xcf\x08\x61\x65\x8f\x53\x69\x71\x0b\xeb\xef"
	"\x58\x30\x0d\x0b\xb4\xbe\x4d\x85\x65\x1f\xf0\x4b\xff\x12\x4a\x0f"
	"\xd4\x3c\xa3\xb2\x41\x5a\x88\x52\xe2\x6a\x07\x8d\x91\x55\x84\xf5"
	"\xfc\x2c\xf6\x17\x9a\x69\x1a\x93\x0d\xa2\x81\x01\x69\x45\x06\x51"
	"\x19\x04\x28\xfd\x5e\xcb\x26\xf2\xb5\x96\x16\xbc\x24\xe7\xd9\xbc"
	"\x01\x8d\x74\xc1\x9c\x3d\xdd\x32\x2c\xf5\xc6\x2a\xd5\xef\x1d\x93"
	"\x13\x30\xfc\x63\x07\xa5\x31\x62\xee\x8f\x0a\x00\xb4\xad\x6d\xab"
	"\x05\x78\x8b\xae\xef\xc4\xb0\x34\x3e\xc2\xd2\x40\xaa\xa7\x28\x47"
	"\xf8\xa2\x71\xd4\xf1\x8e\xec\x71\xd0\x6c\x1b\x1a\xa2\x56\x7e\x16"
	"\x86\x08\x2c\x6b\xc4\xed\xc8\x08\x30\x65\x51\xf6\xbf\xeb\x64\x15"
	"\x97\xbd\x5e\x10\x8c\x59\x40\xff\x2d\x7b\x43\x20\x88\xf0\xe3\xf5"
	"\x31\x28\x59\x19\x78\x9e\xc9\xca\x25\xba\xe5\x10\x0f\xdf\xf6\x8e"
	"\x4e\x89\xef\x31\x0b\x9a\xf5\x37\x54\xb7\x08\x0d\x25\xd7\xb3\xf5"
	"\x3e\xe5\x2b\xe0\xc8\xf2\x35\x1b\x1c\xd1\x72\xa3\x98\x0b\xaa\x92"
	"\x50\xdf\x29\xaf\x82\x93\x04\x5c\x37\x68\x19\x90\xb5\x9a\xac\xec"
	"\x87\x9e\xa8\x0d\x64\xd9\x83\xf4\x05\x5b\x03\x4d\xc2\x0e\x5f\x39"
	"\x56\x22\xaa\x9b\xe4\xc9\xc2\x21\xd1\xa7\xe2\x34\x6e\xa7\xb1\x0f"
	"\x68\x0e\x1f\xfe\x12\x8f\xc9\x8a\x3a\x3f\x77\xd3\xa7\x18\x67\x10"
	"\x51\xda\x6f\x8b\x3a\xa6\x3f\x8a\xb8\xf4\x81\x71\xb5\x3d\x60\x04"
	"\x81\x5c\xe0\x7b\x0a\x2b\x1f\x83\x3c\xe0\xcf\xa5\x5d\x36\xda\x47"
	"\x45\x2c\x86\xf3\xdb\x87\xc6\x55\x64\x97\x12\x9c\xe0\x5b\xe8\x02"
	"\x0d\x83\xa7\xc9\x0a\xfe\xb2\x35\x41\x87\x90\xf0\xa7\xbf\xd4\xf7"
	"\x44\x72\x17\x65\x64\x9c\x64\x43\x97\x81\xba\x93\x13\x49\xb1\x19"
	"\xc7\x63\x29\x04\x0a\xc6\x38\x55\x56\xbe\x37\x90\x82\x8f\x53\xdc"
	"\x51\xb2\x1a\xa7\x60\x19\x98\x41\xce\xde\x99\x4f\x12\xbf\xbb\x70"
	"\x71\xe2\x53\xb1\xdd\xe6\x46\x62\xf8\x44\xbb\xdd\xdb\x41\x19\x23"
	"\x50\x8f\x16\x48\x8a\xde\xcc\x7b\xe8\xb6\xd7\x9b\xb3\x87\xb7\x2f"
	"\x8f\x0f\x67\xee\x70\xf3\xe4\x52\x32\xbf\x3d\xd8\x2c\x6c\xc5\xba"
	"\x59\x34\x06\x00\x33\x97\xa9\x0f\xa3\x6f\x57\x7a\x08\xf3\x90\x1a"
	"\x2d\x5f\x9d\x90\xc4\x3d\x1d\x8b\x81\x1e\x59\x0c\x15\xc9\x62\xa8"
	"\x49\x90\x6f\xce\xca\x85\xab\xe1\x01\xc8\x5c\x61\x75\xb8\x04\xf5"
	"\xca\x22\x00\x7d\x57\xb3\x2c\xde\x51\x2d\x8b\xa1\x6e\xe9\x86\xdb"
	"\xc3\xeb\xf5\x6b\x1e\x9d\x87\x92\x0c\x7a\x8a\x8e\x9a\xd7\x10\xc9"
	"\xd4\x60\x21\x00\x56\x2f\x44\x12\x62\x52\x24\x4c\xc6\xfa\x1a\x4c"
	"\xdd\x95\xb4\xc7\x6f\x68\x33\x34\x38\x6c\xae\x00\x19\xb2\x28\x2d"
	"\xb2\x61\x1a\x1a\xcf\xd0\x3f\x70\x26\x53\x45\xf8\x9e\x40\x0e\x86"
	"\x14\x34\x93\xe8\xce\xba\xcf\x11\x21\x7a\x10\x9c\x25\xfa\xe6\xa0"
	"\xc0\x3f\x80\xc4\xfd\xe9\xb4\x06\x80\x77\x11\x39\xd1\x08\xc7\x2e"
	"\x96\xaa\xc4\x47\x6b\x52\xb2\xf4\x2e\x64\x3c\x75\xfb\x72\x75\x67"
	"\xc2\x51\x45\xf2\xd2\x7f\xe3\x03\xa4\xa7\x07\x85\x76\x7b\x03\x0c"
	"\x3a\x68\x1d\x85\x65\x36\x4c\xac\xf1\x72\xd8\xa3\x0b\xfe\xed\x11"
	"\xcb\x76\x42\xbf\xf6\xf8\x7f\x94\x5d\x5b\x8f\xe3\x36\xb2\xfe\x2b"
	"\x7e\x4c\x80\x3d\x38\xb6\xec\x76\xdb\x0b\xec\x03\x45\x51\x36\xa7"
	"\x75\xb3\x48\xdb\xea\x79\x11\x3a\x33\x4e\xd2\x38\x73\x09\xba\x7b"
	"\x36\xc9\xfe\xfa\x65\x51\x92\x4d\x52\x2c\xaa\x4f\x80\x99\x8c\x59"
	"\x25\x8a\xa4\x78\xa9\x1b\xbf\xba\x3d\xef\x13\xe8\x7b\x52\xaf\x09"
	"\xf8\x5b\x36\xa8\x09\x08\x34\xd1\x98\x51\xc7\x1b\x07\x5e\x03\x20"
	"\x31\x06\x19\xee\xf6\x17\x85\xf6\x95\x59\xa5\x1a\x4a\xc6\x31\x1e"
	"\x98\xcc\x6d\xff\xc5\x7c\x24\xdf\xf7\x34\xe9\xe0\xc5\xf1\xef\xf7"
	"\x16\x1b\x78\xd8\xbc\xde\x4d\x8b\x6b\x7c\x17\xde\x22\xc3\xbc\xc0"
	"\x2c\xae\x23\x46\x3d\x81\x90\x17\x4a\x68\x8f\x2c\xd5\x49\x44\x2b"
	"\xbb\xdf\x03\x65\x67\x86\x21\x98\x04\x41\x25\xf2\x88\x12\x61\x94"
	"\x1a\xca\x90\x71\x24\xa0\x81\x13\x84\x98\xba\x75\x5e\x29\xfb\x65"
	"\xb4\x44\x48\xbc\xa6\x08\xc5\x03\x6e\x66\xd1\xd5\xec\x89\x79\xe9"
	"\x82\xab\xd8\x9f\xbd\x40\x07\xef\xf6\x4d\x2b\xb4\xd9\x82\xd8\x77"
	"\x56\x6d\x22\x9f\xac\x5a\xa6\xe3\x51\xf6\x2d\x2d\x93\x10\x9e\x1e"
	"\xa3\xa5\xb3\xcb\x8e\x00\x68\xe3\x6f\x49\x41\xec\xb1\x2b\xb4\x92"
	"\xcf\x2c\x14\x88\xbe\x18\x99\x49\x37\x92\x6f\x5e\xdc\xa8\xa3\xf9"
	"\x04\x24\xcf\x64\x81\xe2\xd4\xc3\xda\xcd\x02\x73\x44\xa0\x14\x1d"
	"\x62\x20\x4a\x5f\x3d\xe0\x4d\xad\x19\x95\x4e\x65\xdd\x89\x12\xdc"
	"\xac\x9a\xeb\xa9\xa3\x37\xd3\xe6\xed\xe9\x97\x2f\x97\xd7\xd9\xa7"
	"\xef\x5f\x7f\x79\xfe\x76\xf9\x3c\xeb\xd1\x38\x7d\x1b\x69\x23\xdd"
	"\xad\xc7\x24\xc1\x74\xe8\xc9\x56\xcd\x6f\x4f\x2f\xbf\x5d\xde\x2c"
	"\x33\x91\xf5\x9c\x04\x2f\xa2\xec\xc0\x1e\x27\x26\xc3\x8d\x5b\xdf"
	"\x83\x15\xc7\x7c\xa2\xab\x57\xf6\xfe\x2c\x43\x9a\x3e\x70\xdd\x7a"
	"\x30\xc1\x75\xdb\x66\x43\x8c\xd2\x7f\xae\xdc\x38\x12\x41\xab\x77"
	"\x77\x79\x9f\xbd\x9f\x15\x1a\xf7\xce\xa1\x01\x03\xb9\x86\x84\x09"
	"\x77\x46\x63\x5c\x1a\xac\xc1\xf7\x3b\xb6\xf6\x10\xa7\x75\x22\xfa"
	"\x9a\x97\x1f\xc2\x0c\x81\xef\x60\x6f\x0b\x9e\x67\x0b\x40\x13\xaa"
	"\x26\x78\xd2\xc9\x36\x16\x29\x7a\xf2\x1b\x4c\xe5\x70\xd2\x07\x87"
	"\x0e\x6c\x5e\xfe\x50\x0c\x2f\xf7\x6d\x1b\x08\x70\x49\x36\xd1\x36"
	"\xc0\x0d\x69\x26\x16\x87\x03\xe5\xe4\x63\x79\xd7\xaa\x50\x5a\x58"
	"\x2e\xc4\xd4\x30\x28\x2e\xa5\x1f\x08\x59\xf3\xf1\x2d\x85\x61\x63"
	"\xf9\xfa\xf4\xf6\xe9\xf7\x0b\xbe\xb1\xe4\x44\xc2\x0d\xac\x24\xa9"
	"\x41\xee\x9f\x1a\xd1\x8e\xbb\x43\xa8\x0a\xd5\x37\x06\x8a\x0b\x72"
	"\x67\x47\x21\xbd\x0e\x30\x1f\xb3\x12\xfa\x58\x21\xa7\x1a\xa0\xf6"
	"\x1f\x1d\x40\xf8\xee\x36\xa8\x07\x46\x57\x46\x27\xd8\xb5\xd7\xf5"
	"\xef\x09\xae\xc0\xc7\xbe\x31\x85\x67\x7d\xcf\x57\x1d\xdf\xdb\x19"
	"\x38\xb9\xdf\xcd\xcb\x4e\x18\xaa\x9f\x8f\x5b\xd0\x2a\xd8\x1b\x46"
	"\x8b\x30\x5d\x84\x9f\x87\xdb\xe8\xd3\x03\xeb\xc2\x6f\xfb\x58\xb2"
	"\x89\xf1\xec\x6c\x08\xef\xeb\x36\xaf\x94\x8e\xb8\x63\x13\x35\x66"
	"\x91\x7c\x67\x7d\x2e\xe4\xb8\x8f\x65\x72\x10\x72\x42\x27\xe8\x13"
	"\x33\xaf\xd3\xb1\x3b\x23\x46\xa8\x5f\x45\xea\x6a\x77\x21\xee\x52"
	"\xa4\xef\x1b\x04\xe7\xa6\xaa\x87\xa3\xf3\xb0\x84\x59\x1e\xa4\x6d"
	"\xb0\xf0\xf0\x1c\x8e\xa5\x09\xfe\x88\x71\x44\x13\xc3\xd0\x31\xc1"
	"\x69\xfc\xde\xa1\xf0\x9c\x53\x41\x76\x46\xb2\xfc\xfd\xcc\x54\x6d"
	"\x83\xef\xe5\x06\x91\xfc\x7d\x5f\x05\x40\x33\x59\x78\xe2\x8d\xb0"
	"\xf4\xbd\x1c\xda\xc2\x37\xc1\x55\x3b\x41\xba\x1e\xa6\xee\x28\x7c"
	"\x5f\xdb\x41\xee\x0a\xbe\xf1\xb8\x8c\x1c\x1f\x90\x60\x12\x73\xb9"
	"\x9c\xc4\x18\x4f\xbd\xfa\xe7\x3b\x8c\x2a\x29\xd8\x59\x6b\xa2\x4d"
	"\x52\x2b\x4c\xd3\x75\x49\x09\x5c\x7d\xef\x0a\x4d\x65\x05\xec\x1c"
	"\x8e\x07\xca\x26\x8e\x2a\xaa\xd9\x07\xb8\x3e\x30\x2a\xd7\x9a\x95"
	"\xaf\x30\x27\x42\x89\x66\x35\x49\x98\x9f\xee\xb7\x1e\x68\x4a\xe5"
	"\xd1\xba\x6c\xf5\x5e\x8d\xa3\x2a\xe7\xd5\xd8\x8c\x07\xe5\xbd\xf4"
	"\xb1\xf7\x97\x5b\x67\x89\x49\xa8\x2b\x17\x7d\xcb\xa4\x4a\x13\x81"
	"\xb3\x23\xf8\xd9\xaf\xf2\xe1\x07\x47\x49\xb4\xc8\xe2\xb1\xd0\x92"
	"\x9f\xdf\x09\xe9\x2a\xd6\xd6\xa3\xb7\x91\x45\x6b\x57\x0f\xc3\xfe"
	"\xd5\x47\x71\xa2\xef\x40\x64\x71\xa7\x1f\xae\x9c\x3b\x8c\x4a\xb1"
	"\xcb\xf0\x16\xf4\xd2\x17\x47\xbd\xa0\x37\x56\xf5\x41\xa6\x99\xd4"
	"\xf0\xa3\xdd\xa8\xc9\xd9\x6d\x9d\xc6\x50\xe2\xf2\xd1\x2d\x57\x93"
	"\xde\x3f\x67\x08\xf6\xf5\x15\xe1\xd6\xd7\x7e\xb9\xfe\x7b\xfd\xff"
	"\x5d\xb0\x6b\x7c\xc1\xae\x7d\x0b\x76\x8d\x2c\xbe\xf5\xc8\x5c\xd9"
	"\x17\xba\x76\x0d\x28\xf6\x0e\xd8\xda\x59\x39\xc6\x70\x5b\xa4\x76"
	"\x11\x6d\x90\xcf\xb2\x36\x17\xd9\x34\x0f\x3b\xf2\xf5\x6a\x9a\x0d"
	"\x86\x6a\x9a\x0b\x54\x93\x69\x2e\x44\x61\xb7\x78\x60\x84\xba\x70"
	"\xd6\x69\xde\x7c\x8f\x8f\xe5\x68\xf3\xf0\x57\x51\xcb\xd0\x6b\xbc"
	"\x86\x06\x9b\x65\x3c\x3d\xd7\x13\xdb\xcd\xfa\xbd\xfb\xcd\xda\x5a"
	"\xd0\x76\x71\xb7\xb8\xdc\x5a\x87\xf5\x15\xea\x53\x41\xd0\x43\xd0"
	"\x55\x25\x8c\x93\xb3\xb3\xf2\x19\xb7\x2c\xa5\x62\x8f\x77\x6d\x19"
	"\x7f\xa0\x85\xf4\xde\xcd\x94\xb7\x18\xe5\x2e\x66\x01\xac\x30\x14"
	"\x1c\x8e\xe3\x9a\x3c\x7c\x28\xb2\x16\xfa\x44\xe1\xbf\x1c\xa3\xf9"
	"\xa7\x5a\x10\x7a\xb3\xe9\xd0\xef\x5e\xde\x39\xfa\x0d\x00\x6a\xc4"
	"\x63\x8c\xe5\x9a\x21\xd2\x67\xa7\x03\x95\xc2\x02\x4a\x8c\x64\x15"
	"\xb8\x57\xa5\xc9\x27\xe3\xf8\xd5\x05\x26\xae\xb6\x2e\x60\xd2\x4a"
	"\x54\x13\xd7\x3c\xd9\x31\x0c\x7a\x51\xc7\x2c\x08\xe2\x7a\xbf\x54"
	"\x91\xb7\x1f\xa7\x8c\x14\xed\x66\x1e\x2d\x0e\x88\x83\x9a\x16\x88"
	"\xc8\x95\x65\x34\x42\xa6\x61\x83\x21\x58\x65\x7e\x3c\x94\x26\xf2"
	"\x63\x7b\x64\xa4\x42\x70\x09\xf6\x25\xd6\xac\x75\x56\x9e\x2b\x04"
	"\x62\x82\x33\xc6\xa0\xaf\x77\x2b\x24\x0a\x68\x40\xb1\xd7\xc7\xd1"
	"\xe1\xc7\xe5\xc7\xe5\xf9\xdb\x6f\xff\xdb\xe3\x28\x39\x00\x7e\x3d"
	"\x7f\x4b\xe3\x03\x5e\x5b\xbb\xb7\x6f\x59\x5c\x8b\x53\x6f\x58\xfe"
	"\x40\xd6\x49\x2a\xfe\x76\x4b\xb5\x02\x78\xf0\x55\x57\x23\x00\x4c"
	"\x03\x5d\xa4\xf1\x04\xfd\x10\xa4\x4b\x76\xc8\xc2\x0c\x71\x1a\xa4"
	"\xef\xa6\x5a\x98\x08\xd7\xbe\x3b\x62\x51\xff\x67\x79\xb8\x92\xba"
	"\x0e\xd2\xf3\x03\x0c\x6c\x90\x85\xee\xcb\x07\x16\xe4\x38\x4c\x8c"
	"\x15\x85\x7b\x44\x41\x8e\xf4\x30\x66\x1a\xb1\x78\x67\xcd\x3e\x3c"
	"\xca\x15\x67\x81\x3a\x6f\x3e\xe3\xf1\x83\x4e\x02\x90\x6e\x9e\x7f"
	"\x79\x7a\x7d\x7d\xfe\xf5\xf9\xd3\xd8\x0b\xad\xa4\xd0\x51\x3d\xaa"
	"\x08\x2e\x3d\x21\x70\x1a\x03\x87\xa4\xbc\x48\x58\x13\xe4\xd1\x41"
	"\x01\xd8\x12\x05\x86\xf4\x6c\x2f\x0e\x28\x73\x74\xc5\xbe\x08\xcd"
	"\x3f\xd1\x93\x7d\x81\x02\xba\x09\xe2\x54\x85\xdb\xa8\x18\xd6\xa1"
	"\x26\x66\xe5\xd9\x57\x31\x0d\x58\xef\xba\x21\x1c\x59\x6b\xaf\xf5"
	"\xb1\x3a\xd8\x24\x2d\x0e\xf9\x61\x33\x75\x80\x9f\xa6\x3b\x21\xc0"
	"\x57\xfd\x9f\x3e\x18\x37\x67\x0d\x12\x75\x43\x5b\xfb\x72\x6d\xae"
	"\xf5\x52\xba\x0f\x31\x2e\xcf\x99\x63\xd5\x19\x08\x80\x14\x3c\xfe"
	"\x9e\x64\xe4\x6a\x82\xa2\xce\xc6\x84\xcd\x72\x60\xd8\x39\x0f\xee"
	"\x48\xe7\x1e\x8f\x03\xcf\xe4\xbc\xae\x6d\xe4\xc7\x81\xa2\x84\x76"
	"\x74\xcc\x81\x8e\x89\x62\xd7\xe6\xb2\x80\x07\x50\x73\x08\x8e\x59"
	"\x35\x3b\xf2\x43\xcc\x12\xee\x1d\x0a\xea\xf8\x0a\x47\x0c\x70\xb6"
	"\x07\x19\xd4\x5c\x0b\xd2\x07\x83\x78\xb8\x03\x0f\xb1\xd2\x86\x83"
	"\x2c\x3c\x65\x41\x7a\x17\x5b\x04\x21\xd2\xc1\x09\xce\x8b\x24\xb4"
	"\x65\x72\x1d\xba\x76\x13\x5d\xa8\xff\xcc\x4b\x0a\xb8\x65\x2d\x4a"
	"\x48\x4d\xe8\xbf\x39\xa7\x64\x3b\xa2\x01\x41\xfd\x77\x8b\x2b\x56"
	"\x9c\xc4\x99\xab\xa9\xeb\x97\xa8\x3a\x93\x1c\xea\xca\xd0\xae\x7f"
	"\x37\xf4\xfd\x86\xb2\x59\x65\x08\xf6\xb0\x08\x9c\x6d\xba\x35\x09"
	"\x3b\xa1\x1c\xd9\x12\xac\x1b\x5d\x6c\x92\x9f\xeb\x50\x4b\xfc\x05"
	"\x05\x15\xbe\x1b\xa7\x75\xae\x45\x4b\x2b\x57\xcf\xad\xac\x4d\xad"
	"\xb8\x00\x83\xd0\x23\x8d\x3c\x78\x73\x75\x55\xe6\x1d\xdb\x54\x27"
	"\x5f\x33\xe3\xc0\x1a\x6f\xb6\x28\x1d\xe0\x85\x9d\xed\x06\x4f\xe7"
	"\x34\xc7\xa6\x51\x0d\x79\xae\xc4\x63\x6b\xa7\x1b\x89\x0f\x99\x9b"
	"\xfd\xe3\x03\x47\xbc\x99\x7a\x9f\x76\x9d\x01\x7a\x42\x9c\xda\x22"
	"\xcb\xcd\x3c\x7e\xfd\x85\x8b\xd9\xdb\xe5\xf5\xcd\x23\x5a\xaa\xd1"
	"\xd9\x31\x7c\xf9\x26\x75\x59\xb5\x79\x59\x70\x59\xd6\x08\x56\x75"
	"\x5e\x93\x04\x1b\x11\x4c\x40\xae\x13\x5f\xfc\x65\x6c\xc2\x60\x40"
	"\x06\x0d\x96\x58\xfa\xb8\x2a\xab\x53\xf0\xf4\xf9\xd7\x93\x7a\xa2"
	"\x60\x15\x46\xdb\xf3\xa4\xf2\xbe\x53\x4d\x79\xeb\xb5\xb6\x51\x4c"
	"\x17\x20\x5a\x5b\x0c\x7e\xdb\x2c\x45\x52\x97\xc6\x72\x50\xc9\xae"
	"\x37\xaf\xbf\xfc\xb8\xbc\x7d\xff\xfe\xf6\xfb\xec\xf3\xe5\xdf\xcf"
	"\x9f\x2e\xbe\x6b\x40\xd0\x1e\xca\x63\x79\x14\x31\xda\x13\xa0\x0b"
	"\x6c\xcc\x3b\x86\x23\x41\xec\x15\xfd\xf3\x34\x8f\xe6\xcb\x26\xc4"
	"\x91\x86\x5b\x70\xda\x53\x8e\x91\xf3\xfa\xe4\x05\xd5\x16\x39\x50"
	"\xf5\x25\x2f\x73\xc4\x53\xb8\x01\x6b\x62\x51\x5c\x8b\xda\x33\x2d"
	"\x96\xdb\xad\x8d\x15\x99\xaa\xf5\x53\x63\xea\x72\xda\x3e\x50\xff"
	"\xf4\x10\xb2\x66\x24\xf7\x20\x37\x5f\x33\xf2\xc6\x6d\x7d\xb4\x2c"
	"\x8b\x70\x15\x26\xb3\xc2\x1f\x87\x92\xd6\x92\x25\xce\x4c\xc7\xf0"
	"\x98\xa6\x70\x5d\xd4\x67\xd2\x33\x8b\x44\xf5\x38\x62\xe2\x27\xe3"
	"\x9a\x55\xba\x03\xcd\xd1\x00\x90\x2d\x32\x5d\xa0\x13\xe4\x42\x04"
	"\xb0\x0d\x8f\xdb\x71\xc3\x6e\xcb\x32\x75\x62\xd4\xed\x99\xd4\x80"
	"\x07\xe1\xbd\x04\x39\x70\x53\x06\x59\x45\xfa\xb4\x2f\x6d\x59\x98"
	"\xc9\x4b\xae\x4c\x35\x53\x3f\x58\x96\x41\x2a\x08\xb5\x78\x9c\x68"
	"\x45\x8b\x0d\xf2\x15\x34\x00\xb7\xc3\xeb\xd0\x6b\x07\x4b\x4c\x25"
	"\x90\x3e\xa0\xb8\x30\x03\x8b\xbe\x79\x55\x90\x0c\xde\x9a\xc4\x9e"
	"\x46\x53\xb5\xb1\x18\xe9\xae\xc7\x2f\x81\x21\xf7\xdb\x00\x78\xac"
	"\x39\x30\xc0\xeb\x11\xd1\x21\x81\x70\xab\xdd\xd4\x1a\xf1\x43\x43"
	"\x37\xcd\xcd\x4b\x55\xaa\xd4\x77\x0a\xa5\x0f\xdc\x3c\x03\xba\xdf"
	"\xd6\xc5\xe5\xbe\x08\x36\x21\xeb\x98\xeb\x8a\x79\x51\x21\x71\x80"
	"\x3d\x43\x97\xcc\x03\xdb\xbd\x7b\x26\x00\x30\x43\x8f\x80\x6d\x85"
	"\xec\xed\xdc\x2f\xd5\x51\x56\x81\x9f\x1a\xb1\x04\xa4\x3e\x7b\x44"
	"\x07\x17\x53\xa4\x4e\x80\x1f\x6d\x0b\xbf\x0e\x9c\x9d\xd1\x30\xf1"
	"\x44\xc8\x0e\x43\x6b\x64\x99\x62\x27\x10\x89\xbc\x9f\xf0\x51\xc3"
	"\xd1\xf4\x1c\xa6\x05\x95\xde\xae\xb2\x8d\xca\xbc\x3e\x8a\x2b\x11"
	"\x62\xe6\x5b\x9e\xfc\x6b\x61\x1a\xac\xae\x54\x10\x22\x95\x88\x51"
	"\x4b\x34\xa1\x51\x7f\xfc\x0f\x47\x47\xd2\x1d\x18\xb7\x4b\xdd\xc6"
	"\x5d\x4f\x92\xc7\xc4\x4a\xce\xfd\xfc\xa9\x67\x9c\x95\xee\x15\xcb"
	"\x63\x97\xb8\xc2\x8d\x94\xb0\x8a\x5b\xb8\x5c\x67\x01\x81\xa8\x91"
	"\x91\x79\xe5\x5d\x9b\x6a\xda\x17\x09\xc9\x4a\x2b\x0b\x65\xdd\x55"
	"\x97\xf2\x3a\xd7\xc8\xeb\x1a\x0d\xc3\x80\x8a\x3e\xeb\x54\x0f\x66"
	"\x03\xae\xac\x80\xf1\xa5\x41\x35\xcc\x6c\x77\xb2\x26\x57\x0e\x03"
	"\xc5\xe3\x5a\x4f\x6b\x80\x48\x78\x5e\x63\x92\xdb\x54\xa9\xae\xb1"
	"\x13\x57\xa3\x38\x47\xe0\x57\xc3\x00\x67\x20\x69\x41\x7a\x00\x03"
	"\xcb\xc2\x49\x4e\xd6\xdd\xe4\x0f\x64\x2f\x53\x8f\xd7\x48\xd0\x51"
	"\xc7\x00\x9b\x7b\x5f\x8d\x5a\xb1\x79\x89\xdc\xbf\x06\x9c\xb9\xfd"
	"\xa3\xea\xc5\x89\x0b\x64\x45\x5f\x73\x3b\x57\xc7\x3e\x05\xa9\xef"
	"\xab\x99\x5c\x80\x32\xe1\xa4\xfb\x56\x92\x24\x48\xa8\x26\x08\xcd"
	"\xce\xf2\x30\x76\xbf\x5b\x6e\xa6\x94\xed\xcb\x84\x99\x7f\xea\x5a"
	"\x96\x8f\x0b\xf3\xdc\x34\x3e\x0e\x35\x5a\x39\xb2\x0f\x12\x7b\x73"
	"\xf7\x59\x74\x66\x51\x43\xca\x32\x72\x50\x76\xef\x2d\x20\xdb\xc0"
	"\x8e\x26\xbe\x4d\x07\x80\xa6\x34\x0a\x5f\x02\x59\x67\x53\xdb\xf5"
	"\x93\x32\xc0\xec\x1a\xa5\x01\x36\x1e\xed\x70\xcf\xfa\xc5\xf9\xeb"
	"\xd3\x8f\x2f\x1d\x5e\xec\xf3\x6f\x3f\xbe\xff\x78\x9d\x7d\xbd\x7c"
	"\xfd\xfe\xf2\xf7\xec\xe9\xe5\xf2\x34\x7b\x7d\xfe\xcf\xe5\x9f\x26"
	"\xd2\x0e\xd1\xe7\x43\x9b\xf7\x58\x76\xeb\x11\x45\x49\x95\x03\xd5"
	"\x81\x56\xbb\x92\x21\x6b\xa2\x5a\x63\x28\xa0\x9b\x55\x15\x2f\xde"
	"\xc1\xe4\x3d\xa0\x34\x24\xdb\x15\x87\x6b\x73\xc3\x3a\xee\x24\xd8"
	"\x31\xbc\x04\xe5\x80\x2f\x5a\xe5\x47\xf4\x6a\xba\x62\xb9\xfb\xeb"
	"\xaf\x09\x16\x7f\x83\x35\x86\x29\x8b\xb9\xdf\x21\x30\xc0\x42\xb7"
	"\xdd\x6f\xff\x49\xbe\xd7\xe8\xc8\x23\x23\xa4\x2a\x37\xe0\x7e\xaf"
	"\xe0\xb7\x50\xdc\xcb\xea\x37\x70\x67\x33\xc7\x71\xa1\xd1\xd8\xfc"
	"\xaf\x92\x3e\xfd\x2f\x91\xc6\x92\x29\x2d\x1b\x5c\x09\xe9\x1e\xb9"
	"\x44\xd4\x09\x45\x4d\x33\xc0\xcd\x30\x23\x52\x55\x61\x07\x3b\xe7"
	"\x25\x3d\x94\xf1\x07\xab\x00\x02\x3a\x2d\x79\xf6\x56\x66\x63\x55"
	"\xab\x72\x6b\x25\xaa\xdf\xd6\xcd\x71\xf5\x3b\x4f\xcc\xe5\xab\x0a"
	"\xdc\x0a\x34\xa8\xb3\x53\x09\xa0\x4d\xd6\x27\x80\x62\x35\x41\x19"
	"\x15\x01\xa4\xfd\x6e\xc7\x31\x87\xa3\x87\x4d\xf2\x8f\x46\xac\x7a"
	"\xcc\xea\xc7\xde\x2c\x60\x42\xbe\x81\xf4\x87\x27\xa0\xf5\xe5\x90"
	"\x29\x8e\x4a\x0a\x8a\x11\xb7\xd1\xc0\x04\x68\xcc\x42\xa8\xb6\x4b"
	"\x5e\x2d\xa3\xc6\xb7\x5c\x3e\xd6\xc4\xc2\x1f\x80\xdf\xb7\xfc\xc7"
	"\x7e\x14\x43\x60\xe9\x61\x29\x03\xe0\x7f\x3a\xdb\x84\xe6\x2d\x6d"
	"\x78\x26\x9d\x96\xa6\x3a\xb4\x94\xab\x8f\x98\x90\x60\x0f\x12\x42"
	"\xb7\xeb\x79\x90\xe5\x98\x23\xce\x8f\x81\x81\xaa\x7d\xb7\xbb\x62"
	"\x15\xc8\xf1\x9b\x59\x69\x3f\xcc\x52\x0d\x55\xd9\xc1\xd4\xae\xe6"
	"\x9e\xda\xeb\xc7\x4a\x96\x99\x93\x8e\x63\xdc\x91\x3a\x4e\x82\x0c"
	"\xc5\x04\x5d\x3c\x4c\xd0\x9b\x4d\xa0\x7b\xdd\x57\x1e\x17\xf6\x1d"
	"\xbb\xed\xe8\x26\x4d\xeb\x04\x9b\xc5\x36\x32\x36\x90\x04\xe0\x1a"
	"\xab\x07\x49\x93\x53\x82\x39\x33\xf5\x2a\x00\xe7\x6c\xb0\xc1\x53"
	"\x03\x52\x8b\xa6\x09\x8f\xd8\x29\x47\xac\xa7\x8a\xd0\x47\x21\x8c"
	"\xb7\xcd\xe7\xd7\x4f\xbe\xa3\x40\xb0\x42\x09\x28\x00\x41\x25\x96"
	"\xd9\x69\x1e\x21\x9d\x4b\xee\xa2\xbb\xa6\x4d\xaa\xd2\xaf\xc2\x28"
	"\x69\x2b\x7f\x84\x3d\x04\x71\xce\x92\x42\x22\xd0\xe8\x90\xaa\x87"
	"\x97\x74\x85\x38\xdb\xd3\x5c\x4b\x73\x7e\xdb\x14\x15\xdb\x65\x24"
	"\x56\x73\xbf\x2a\xa8\xe4\x82\xac\x14\x90\xdf\x0d\x76\x32\x57\xbc"
	"\xba\x99\xc5\x94\x28\x93\x95\xf8\x21\x46\x4b\x5e\x80\x76\xed\x99"
	"\x64\x9a\xde\x28\xf5\x22\xaf\xe5\xe9\x5c\x6b\x68\x35\xe3\x22\xff"
	"\x51\xc4\x8b\xf9\x7a\x05\x1c\x36\xe5\xd4\xd4\x91\x3a\x7a\x6f\xe5"
	"\xb7\x71\xae\x12\xb1\x55\x5a\x2a\x41\x6c\xbe\x5c\x64\xd1\x76\x3e"
	"\x5f\x06\x88\x91\x7f\xd7\x18\xbe\xb3\x54\x4c\x77\x77\x61\x9e\x78"
	"\xbf\xb8\xbf\x0f\xb3\xe8\x86\x6e\xe7\xfe\x89\xba\xcf\xe9\x7a\x79"
	"\xe7\x3f\xfa\x13\xb1\x58\x6f\x22\xe4\x6b\xc3\xb6\x77\x7f\xb7\x88"
	"\x90\xcc\xc9\x71\x6f\xd7\x6e\x53\x41\xb6\xab\xcd\x1c\x09\x11\x90"
	"\x52\x7d\xec\x96\xd1\x6a\x19\x92\x2f\x44\x4d\x7c\x01\x1b\xfb\x84"
	"\x56\xed\x41\x30\xd6\x25\x54\x19\xbe\xb4\x5b\x70\xe4\x49\x87\x25"
	"\x0d\x08\x29\x16\x8e\x8d\x49\x40\xef\xfd\xf6\xa7\x88\x0e\xc4\x75"
	"\xa2\x5e\x0f\x00\x5a\x62\xcf\x97\x0e\x9f\x34\x25\xa0\x30\xef\x7b"
	"\x38\xca\xdb\xce\x14\xb9\x87\xa8\x5e\xde\x8c\x29\x4d\x21\xf7\xc9"
	"\x42\x1d\x45\xed\x57\x48\xfe\xba\x1b\xfd\x2e\x44\xcf\xd8\x8e\x20"
	"\xe8\x39\x3d\x87\x92\x53\xd7\x9b\xfb\x60\x25\xdb\x25\x6d\xd6\x61"
	"\x86\xa6\x59\xf9\x39\x68\x7c\xbf\x98\x8f\x76\x07\xdd\x53\x79\xf9"
	"\xeb\xe9\x75\xc6\xbf\xbd\xbe\xbd\xfc\xf8\xaa\x93\x5d\xbf\xfe\xae"
	"\x04\xfc\xcf\xb3\xb7\x97\xa7\x6f\xaf\x30\x20\xb3\x2f\xcf\xdf\x2e"
	"\xb3\xcf\x6a\x53\x7c\xfe\x03\xfe\x69\x0e\x90\x84\xfc\x17\xc1\xd9"
	"\x0f\x9b\x25\xa8\x4f\xd3\x4c\x4a\xef\x1a\x03\x94\x42\x2c\xe3\xd3"
	"\x2c\xad\x76\x64\xf6\xeb\xf3\xcb\xd7\x3f\x55\xd3\x66\x9f\xbf\xff"
	"\xf9\xed\xcb\xf7\xa7\xe1\x6a\xa2\x25\xad\x43\x34\x1a\x81\xc9\x52"
	"\x65\xe3\x88\xe6\x6f\x6f\x97\x2f\xb3\x9c\x53\x2d\xeb\x77\xc6\x84"
	"\x41\x26\x16\x94\xa7\x9e\xe2\x93\x3a\xb2\xc7\xa5\xb7\x8a\xf6\x90"
	"\x51\x03\x23\xd2\xa7\x97\xcf\xbe\xd7\xa0\xfc\xdf\xff\x78\xf9\xae"
	"\xce\x9c\xd7\xef\x2f\x33\xf1\xf6\xf4\x76\x31\x50\xf9\x66\x3f\xd1"
	"\x52\xe4\x3f\x1b\xb6\x92\x6b\xfb\xae\xd5\x99\xea\xf2\xf9\xe0\x3f"
	"\x08\x18\xdd\x23\x5e\x8d\x26\xd3\xb0\xab\x28\x91\xa4\xc7\x41\x99"
	"\x2f\xab\xb1\xae\x91\x3e\x7f\xfb\xed\xf2\xf2\xc7\xcb\xf3\xb7\x37"
	"\xdd\xef\x5f\x6f\xbf\x7b\x8f\x80\xd9\xc2\xb4\xaa\xd5\x1f\x8a\x89"
	"\x84\x79\xe9\xa6\xfe\x25\x39\x7c\x57\x5d\xae\x5a\x71\xda\x6c\x96"
	"\xfe\x15\xa9\x14\x63\x2e\x49\xd6\x82\x2f\xbf\xcd\x17\x8b\x68\xee"
	"\xcd\xd3\xa8\xab\x61\x90\xee\xb7\x3d\x94\x66\x02\x79\x4d\xd1\x8e"
	"\x2e\x0b\x11\xab\xff\x78\xc2\xa3\x38\x5d\xc3\xe8\x04\x87\xc8\x66"
	"\x4b\x61\x27\x6a\x87\x03\x15\xc6\x6b\x63\xa2\x66\xc6\x1a\xfd\x78"
	"\x62\xa3\x8e\xeb\xb2\xde\xe9\x89\x84\x02\xc2\x3b\xaf\xc0\x75\xc8"
	"\x4b\xb4\xc5\xbe\xbd\x39\x6c\x74\x37\xfa\xf6\xcf\xde\xfe\xfe\xe3"
	"\x32\xfb\x49\x2d\xee\xff\xfb\xc7\xec\xed\xe9\x8f\xcb\x3f\x66\x34"
	"\xf9\x1f\xb5\x9b\xfc\x6c\xa0\xb6\x0e\xd2\xa3\x8d\x40\xb7\xaf\xbb"
	"\x52\xff\xf2\x1f\xc8\xa5\x40\x18\xae\xb5\x7a\xad\xeb\x43\xe5\xc6"
	"\x45\xcb\x6b\x99\x19\x87\xa1\xfb\x07\xa0\x76\x92\x38\xb6\x7c\x4d"
	"\xc9\xca\xdd\xce\xaf\x79\x68\xb2\xa0\xe0\xaa\x06\xd0\x53\x6b\x6c"
	"\xe4\xb0\xf3\xd9\xd2\x9f\x7e\xa2\xe2\xe3\x0f\x6a\xb3\xa4\x74\x8a"
	"\x83\xeb\xbf\x27\x98\x04\x11\xef\x61\xc9\x78\x8c\x25\xbe\xea\x78"
	"\xea\x2a\x38\x03\x21\x3d\x41\x06\x7e\x16\x2b\x9c\x56\x53\x30\x94"
	"\x9f\x8e\x0a\x60\x62\x70\x7a\xa7\x81\x97\xd3\x66\x17\x2f\x3b\xfe"
	"\x30\xd3\x6a\x8a\x29\x2e\x9a\x28\xc0\x13\xb3\x28\x40\xec\x67\xda"
	"\xf2\xdc\x36\xea\x3f\xbd\x2a\xf1\x37\xed\x2b\x24\xd8\x53\x53\x55"
	"\x1d\xdb\x06\xd1\x39\x06\x86\xe0\xf7\x20\x94\xd4\x81\xb7\x13\x42"
	"\xc3\xcd\x23\x9c\xde\x07\x1b\x00\x0c\xdb\x09\x86\xed\x2a\xc4\x00"
	"\x89\x9b\xc2\x9d\xc8\x4f\x13\xe4\x63\x1e\xf8\x96\x1a\xbe\x45\xcd"
	"\x9c\x00\x07\x24\x28\xac\x71\x3a\xe4\x7a\x8b\x10\xfb\x94\x12\xb5"
	"\xf4\xb6\x5b\xb0\x33\x16\x02\x70\xe5\x09\xc8\x65\x57\x9e\x70\x4f"
	"\x2b\xb9\x9c\x62\x88\xc2\xeb\x33\x27\xb5\xac\x0e\x1c\x5b\x9e\xc7"
	"\x54\xec\x69\x32\xda\xd8\xba\x62\x37\xd1\x97\x8f\x43\xc9\xf8\x80"
	"\x4f\xea\x6c\x99\x8a\x3a\xe4\x41\xf4\x15\x2b\x7d\x91\x61\xef\xa4"
	"\x79\x12\xd8\x57\x3b\xa7\x57\xca\x88\x04\x6d\xb2\x22\x49\x66\x83"
	"\x3f\xba\x8b\x4d\x72\xc4\x28\xd2\x8d\x4e\x81\x44\x44\xf6\xc7\x65"
	"\xb3\x5c\x6c\x17\x81\xd5\x92\x1e\x75\x33\x3a\x28\xe5\xc0\x86\x5c"
	"\x85\x76\xeb\x02\xb2\xc9\x06\xe9\x04\xcb\x46\xd4\x75\x42\xb2\xc0"
	"\x6a\x13\x8f\xf9\xdd\x92\x6e\xd4\xbe\x14\xe1\x4c\x07\x35\xe0\x9c"
	"\xc2\xe5\x97\x79\x88\x89\x4c\x6d\xa3\x09\x5d\x6e\xef\xfe\x0a\x2c"
	"\x3c\x68\xcb\xf6\x7e\x85\x73\x9c\x93\xfb\xc5\x36\xd0\x1d\x3c\x4b"
	"\x4a\x27\x8a\xe4\x13\xfb\x5b\x95\x6f\xe6\xf3\x05\x4e\x1f\x8e\x2b"
	"\x35\xf5\x73\xca\x03\x3b\x75\xb2\xc7\x69\xa5\x48\xba\xcf\xea\xba"
	"\x90\x4d\x67\x65\x05\x56\x2a\x63\xf9\x98\xd6\x2b\x9f\x4c\x99\xf8"
	"\x4c\xb0\x39\x62\xbf\xc2\x1c\x73\x57\x53\x60\xae\xdd\x8b\x92\x17"
	"\x63\x93\x5c\x62\xb5\x46\x71\x06\x25\xc0\xa4\x87\x3b\x37\x00\xf7"
	"\xa0\xee\x94\x97\x4e\x2d\x9d\xcf\xae\xcb\x90\xac\x63\x5a\xb5\xe1"
	"\xd6\xbf\xca\x15\xbb\xb6\x69\x5a\x95\x02\xe6\xee\xb8\x74\x88\x8f"
	"\x70\x50\x5d\x15\x45\x14\xa4\x12\x7b\xcc\x4a\x96\xb7\x72\xcf\x0b"
	"\x90\x5d\x4f\x1c\xd2\x17\x60\xf9\x4d\xa0\x29\x68\x8a\x9f\x04\x12"
	"\xc7\x11\x8c\x04\x91\xab\x88\x9b\x03\xba\x83\xcd\x53\x45\xfb\xc8"
	"\xea\x12\xad\xd5\x87\xe4\x6a\x0f\xb4\xdf\xfa\xaf\x48\x9d\xc7\xda"
	"\x19\xa7\x34\x23\x4e\x70\xe7\x8d\xa6\xb4\x31\xcb\x57\x7f\x2d\x52"
	"\x5b\x30\x75\xc7\x1b\x0f\xbb\x54\x54\xb8\xb5\xa7\x6d\xfa\x02\xe3"
	"\xe8\x2b\x26\xa7\x18\xe3\x18\x60\xe6\x3a\xce\xf7\x71\x41\x9a\x98"
	"\x1c\xd2\x38\x96\xe0\x9b\xbc\x66\x75\xd0\x39\xb8\x12\x7f\xa7\x63"
	"\x3b\x3a\xfc\x0a\xc3\x83\xd8\x3e\xd3\xa3\x70\x10\x05\x3b\xbd\x9b"
	"\x31\x36\x5b\x2c\xb7\xab\xd9\x4f\xe9\xf3\xcb\xe5\xac\xfe\xfc\xec"
	"\xb3\x01\xa5\xbc\x66\x10\x21\xe5\xaf\xbb\x27\xb6\x45\x29\x1e\xfd"
	"\x51\x8d\xbd\xbf\xda\xcc\x5b\xe3\x40\xd5\xda\x41\x56\x71\x59\x24"
	"\x56\xee\x1b\x6d\x30\x36\x3b\xcc\x0e\x47\x92\xf1\x8f\x81\x88\xf6"
	"\xd4\x7f\x6a\xf2\xc0\x4d\x16\xc9\x48\x8e\x85\x09\xa1\xb1\xd0\xa7"
	"\x06\xa3\x80\x2f\x1e\xf1\xf7\xef\x10\x10\x62\xf5\x22\xc1\xd0\x0b"
	"\x10\xa0\xe4\x95\x19\x1a\x0a\x0d\x51\xa7\x68\xdf\x80\x08\x5a\xa2"
	"\xac\xd5\x3f\x90\x61\xeb\x22\x6c\x79\x95\xf9\xb0\x44\x2d\xd0\x21"
	"\xf5\x03\x32\x21\xc2\x5e\x2c\xfe\x15\xdd\x4c\xd8\x56\x66\x1e\xf5"
	"\xb3\x3d\xe9\x8f\xab\x33\x79\x20\x0d\x3f\x61\x0e\x90\x22\xcb\xf1"
	"\xfc\xd6\x85\xc7\x67\xa1\x03\x97\x6e\x26\xbb\xcf\xb6\x99\x28\x79"
	"\x7e\x7d\x7b\x79\xfe\xe5\xc7\xdb\xe5\xf3\x4c\xfc\xf9\xfc\xf6\xe9"
	"\xf7\x19\xb9\xa5\xfc\x31\x43\x36\x87\x29\x26\xf7\x10\xaf\xe2\x5c"
	"\x2d\x50\x9b\x53\x52\xd6\xed\xd2\x49\xa0\x7d\x2a\x6b\x4c\xc4\x91"
	"\x8f\xd5\xbe\xf4\x3a\xd5\x8c\xfa\x48\x42\x2a\x69\x6f\x57\x7d\x11"
	"\x1c\x44\x75\xea\x2c\x3e\x4f\x05\x3b\x66\xa7\x89\x61\x72\xb1\x5c"
	"\x34\x13\x0f\x65\x92\xd9\xa9\xf2\x08\x65\x98\xbc\xd9\xdb\x15\xa5"
	"\x98\x6a\x49\x4e\x3e\xda\x95\xaa\x9d\xec\x3a\x9a\x53\xcf\x5a\x22"
	"\x84\xfa\xb9\x59\x2c\x16\xa8\x8f\xac\x82\x79\x80\xe5\xe5\x56\x32"
	"\xba\x52\xab\xa7\x1a\x6b\x63\xcf\xa9\x9f\x70\xab\xc4\x3f\x00\x40"
	"\xf0\x66\xea\xf6\x54\x0b\xbd\x2d\xed\x4c\xab\x32\x43\x1a\x2a\xb3"
	"\x05\x4a\x60\x28\x05\xfb\x48\xf8\xd5\xa8\xa1\x6d\x47\x75\xe2\x13"
	"\xec\x06\x11\x49\x98\x93\x1e\x43\xf5\x3a\x0e\xf7\xb6\x03\x6b\xb4"
	"\x17\x44\xbc\x5a\x21\x62\x5f\x0e\xfb\x22\x62\x10\x2b\x1a\xff\x18"
	"\x51\x6c\x52\x4a\xbe\x2b\x8b\x25\x5a\x59\x83\x45\x5b\x49\x96\xbb"
	"\x7e\x10\xf3\x41\x39\xd9\x61\xea\xa0\x3c\xc4\x05\x09\x3f\xd3\x25"
	"\xf1\xb5\xf6\xc7\x3e\x69\xb3\xea\x5b\x8b\x5c\xa4\x31\x59\x4e\xd3"
	"\x2c\xf1\xae\x99\xe4\xa9\x11\x9e\x8c\x1f\x8e\xdc\x89\x3d\xf7\xf4"
	"\x62\xcf\x32\x61\xcb\xcd\x7d\x51\x2b\x17\x88\x15\xb4\x27\x2f\xc3"
	"\xe4\xd5\x04\xf9\x94\x4e\xb4\x4c\xe9\x7d\xa5\xbd\xeb\x20\x73\x26"
	"\x99\xdc\x86\x12\x7b\x27\xee\xa0\xe7\xb3\xa9\x45\x9f\xb8\xd8\x9e"
	"\x49\x16\x21\x46\x6b\xf5\x39\x00\xbe\x37\x5c\x1f\xe4\xd6\x63\x8d"
	"\x35\xc9\x58\x34\xd9\x76\xf6\x11\xb6\x27\x6b\x20\x74\x49\x5b\x54"
	"\x70\xc5\xaf\x50\x07\x05\x84\x7c\xb5\x6c\xba\xa6\x86\xd8\x69\xb2"
	"\x22\xc4\x06\x70\x6a\x76\x13\x5d\x01\x7b\x5a\xc6\xa9\x93\x96\x95"
	"\x37\x77\xfb\x24\x6a\x77\xd8\x86\xab\xad\x70\x29\xc3\xc9\xd5\x7c"
	"\x85\x9e\x0d\xfb\x42\x60\xe5\x70\x99\x3d\x45\x89\xd3\x03\xb3\xb7"
	"\x86\x77\x5f\x2d\xbc\x29\x95\x8d\x07\xc0\x8d\x62\x59\x97\x19\x66"
	"\x2d\x01\x42\x80\x82\x44\x36\xec\x62\xac\x1c\xd9\x34\x78\x83\x3d"
	"\xe2\x1e\x99\x36\x05\xab\x6e\x85\xb5\x4c\x11\x90\x67\xd2\x7c\x31"
	"\x7f\x98\x18\xb6\x4d\x74\xd7\x58\x0b\xe0\x43\x3e\x31\xd1\x72\x52"
	"\x9f\x58\x66\x8d\x75\x7e\xca\xb1\x2b\x35\x39\x88\xa7\xa4\x8d\x91"
	"\x58\x93\x07\xef\xb4\x16\x0f\x8f\xd6\x4d\x61\xf8\x1d\x42\xec\xbe"
	"\x36\x4d\xb5\x8b\x14\xa5\xd5\x9f\x3c\x6b\xd4\x0c\x46\x4c\xb4\x40"
	"\x43\x35\x3a\x45\xbd\x0b\x52\xc5\x79\x44\xf6\xb4\x89\xd3\xda\x9e"
	"\x99\x0f\x62\xb3\x59\xf9\x0f\x61\x20\xdd\x2d\x10\xd2\x47\xf5\x58"
	"\x83\x18\x63\x9d\x17\x96\xa3\x0d\xaa\xa0\xd1\xe6\x03\x12\xbf\xa6"
	"\x88\x4d\xb4\x52\xd4\x89\x35\x96\x3f\xd6\xdc\x1a\x5a\xf5\x7b\x31"
	"\x47\xa2\x68\x53\x46\xb2\x62\x42\x38\x2e\x88\x12\x75\x73\xab\xce"
	"\xbe\xc8\x2f\x61\x89\xcd\x72\x13\x4d\x34\x52\xfd\xb3\x2e\x8b\x32"
	"\x77\x90\xa5\xf5\xdd\xc2\xa9\x03\x6e\xb3\xb4\xef\x4b\x15\x2c\x7a"
	"\x98\x1e\xf0\xe2\xa4\x0e\x75\x32\xca\x2a\x9c\x30\x6f\x9a\x1d\xe3"
	"\xc1\xf2\x81\xdb\xea\xc4\xbe\xc4\x10\x27\xfa\x64\x4e\xac\xd8\x71"
	"\x1b\x33\x7b\xaf\x74\x01\xf5\xb1\xbd\xe3\xf5\xc8\x20\xd2\x3b\xe5"
	"\x13\x8a\x51\x67\xf6\x35\x2b\x3d\x64\x64\x89\xb9\x7f\x0e\x19\x2a"
	"\x29\x1e\xb2\x1d\xaa\x39\x37\xac\x68\xd1\xe7\x30\xdc\xde\x6b\x0b"
	"\x8f\x24\x83\xb8\x49\xab\x8d\x94\xdc\x63\x1b\x79\x17\xeb\xec\x1c"
	"\x6a\xe3\x6a\x01\x1d\x50\x32\x4b\x9e\xd8\x2c\x96\x5b\xc4\x21\x09"
	"\x24\x59\xfa\x77\xb9\x7a\xb3\x58\x6f\xa7\x5e\x56\x80\x43\xc9\xab"
	"\xea\xd6\x89\x7d\x0d\x77\x3d\x5f\x4d\xcc\x72\xd0\x91\x1c\xa8\xc7"
	"\x81\x24\x48\xae\x84\x1f\x0b\x3a\x47\xc0\xc1\xd2\x4e\xce\x47\xc1"
	"\xd8\xc1\x5f\x25\xcf\xec\x8c\xc0\x82\x6e\xa3\xf9\x72\x31\x51\x1d"
	"\xb7\x5d\x31\x5c\x6c\x31\x07\x06\x17\x8b\x2d\x42\x4a\x27\x3e\xa2"
	"\xc8\xed\x80\x3d\x91\xd3\xed\xc2\x3f\x75\x59\xc5\xa9\x5f\x90\x80"
	"\x4a\xb6\x8b\x45\x63\x57\xd4\x95\xf5\xe9\x2f\xcb\xf2\x01\x71\xdf"
	"\x00\xdf\x6a\x6a\x5b\x12\x52\xef\xcb\xd6\x0b\x64\x0e\xea\xee\xf4"
	"\x67\xb1\x6d\x3e\x7b\x52\x55\x8f\xb9\x9a\xba\x98\xdc\xbb\x43\xa2"
	"\x90\x29\xdc\xab\x2e\x90\xad\x95\x1f\x27\x1a\xf1\x58\x94\x95\xd2"
	"\xea\xac\x0e\xf4\x65\x6d\x72\xd6\xdd\x80\x20\x97\x70\x2d\x92\xed"
	"\x8f\xd2\xda\xf4\xba\x92\x89\xa7\xec\x27\x78\x4b\x2b\x75\xf4\x12"
	"\x2c\x97\x91\x63\x2c\x1c\xd7\x77\xb2\x77\x6b\xf5\xb3\xad\xf7\xbc"
	"\x40\x8c\x67\x8a\x0a\x17\x44\xa9\x63\x6b\x1e\x57\x7b\xe6\x1f\x0b"
	"\x3b\x01\x4d\x57\xd2\x9e\xef\x30\x59\xf4\xca\xb0\x44\x18\xd2\x24"
	"\xe1\x98\x64\x5e\xf9\x86\xad\xda\x3f\x66\x3c\xb6\x72\x8f\xef\xaf"
	"\xb9\x93\xb5\x94\xf6\xcb\xf5\x06\x8a\xef\x0e\x35\xb0\x80\x05\x01"
	"\xae\x53\x60\x5a\x41\xc7\xc3\x65\x4c\x10\x6f\x49\xc7\x00\x59\xec"
	"\x8f\x0d\x7e\x41\xd2\xe2\x82\x1b\x4d\x35\x0b\x54\x37\xa1\xa9\x68"
	"\x9e\x92\x82\xb1\x0d\xa7\xf7\x4a\xfa\x38\x14\x9b\xf3\x99\x1a\xa6"
	"\xc0\xb0\x80\xa9\x0b\x38\xbc\x06\x21\x75\x3c\x15\x52\x4d\x13\x94"
	"\x41\x6e\xe6\xcb\x06\x25\xab\xd1\x86\x60\x8b\x10\x7d\x73\x1f\xa2"
	"\xf7\xb6\x21\x94\x81\x72\x4a\x12\xbc\x79\x09\x39\xf1\xd0\xe3\x49"
	"\xa5\xc4\xae\xd5\x26\x4c\x5f\xdf\xbb\xf4\xab\xef\xa2\x61\x7a\xec"
	"\xac\xd0\x1f\xaa\x1d\xf8\x58\x8d\x5a\x99\x6b\x9b\x33\x79\x44\x59"
	"\x32\x08\xd0\x90\x8b\xf9\x62\x41\x71\x1e\xb8\x22\x8e\xd0\x7a\x2d"
	"\x06\xa7\x6b\xb1\x1d\xe9\xd3\x55\xc4\x76\xfb\xa5\x09\x20\xbf\xa2"
	"\xf5\x76\x19\x94\x09\xfe\xe2\x43\xf0\xf1\x5e\x64\x41\xe9\x70\x18"
	"\xe1\x44\xa9\x34\xdc\x06\x49\xaa\xc6\x6a\xa2\xb6\x22\x4e\xf1\xaf"
	"\x72\x02\xb7\x9d\x60\x28\xbd\xe1\x19\x2f\xd4\x7a\x57\xab\x29\xaa"
	"\xe1\xef\xd0\xc0\x2a\x4d\x67\xbb\xbd\xcb\x7d\x16\xbd\xca\x4a\x8e"
	"\x5d\x55\x6d\x2c\x12\x3b\x39\x19\x14\x26\x0c\xee\x6d\x31\xbb\xd0"
	"\xc5\x89\x84\xb2\xbc\xaa\x1c\x2e\xed\x3b\xb5\xaf\x2b\xab\xe2\xd2"
	"\xe2\x92\xf6\xeb\xca\x1e\x36\xd0\x2c\x31\xc1\xc2\xa1\xa0\x32\x13"
	"\x75\xc3\x7b\x86\x98\x3f\xa3\x08\x4a\x5a\x29\xad\x49\x23\xfc\x66"
	"\x2f\x91\xed\x8d\x87\x21\xd6\xbe\x03\x15\x19\x65\xbe\x06\x12\x25"
	"\x92\xa2\x31\xfa\x0f\xe4\x8c\x99\x70\x80\x5c\x41\x72\xc1\xa3\x40"
	"\xe9\xb5\xcc\x36\x8b\x3b\x9f\x7c\x73\xa3\x46\x76\x4b\xd5\x11\x7c"
	"\xbf\x69\x1a\xbb\x50\xfd\xb1\x7c\x3d\x43\x97\x48\xb3\xd9\x2c\xee"
	"\x1b\x8c\xb0\x6d\x17\xf7\x1b\x32\xa6\xd2\x84\x6a\x8f\x87\x3b\x14"
	"\x3d\xad\x65\x2c\x47\x9a\x3c\x70\x14\x4e\xc2\xdb\x9e\xb4\x3f\xaa"
	"\xf1\xe2\x03\x07\x3a\x2c\x43\x2d\x79\xcc\xc3\x4c\x49\xbe\x5d\x23"
	"\xc1\x26\x03\x8b\xa8\xb7\xf7\x88\x04\x60\xb0\x6c\xa6\x58\xd4\xe2"
	"\xbf\xbf\x43\xf4\x36\x93\x69\x3b\xc5\xb4\xcb\xd6\xd1\x9c\x04\x86"
	"\xaf\x80\xbd\x77\x33\xf7\x0d\x1f\xec\xec\x71\xb0\xf6\x9c\x8a\xfb"
	"\xcd\x32\xdc\x97\x1a\xd2\xe7\x29\xa9\xdb\x7b\x9f\xd3\x1c\x7e\x71"
	"\x8c\x05\x1b\x5c\xf9\xde\x59\xd2\xb3\xb8\x6d\x25\x19\x6f\xf3\xbb"
	"\xf5\x12\xbf\xdb\x42\x8a\xe8\x3e\xc2\xe6\x7d\xcc\xb2\x07\x33\x6e"
	"\x46\x3f\x50\xe7\x6a\x5b\x39\x36\xee\xab\x58\x25\xca\x22\xda\x6c"
	"\x36\xf8\x12\xa5\x91\xa3\x01\x39\xfd\xf8\x48\x8e\xf5\x51\x78\xe7"
	"\x7a\xb3\x89\x96\x8b\x79\x1b\x5a\xe2\x3a\xbb\x31\xc9\x72\x24\x94"
	"\x69\x60\x39\xa8\x93\xe7\x7c\x46\x7c\xed\xc0\xb4\x17\x65\xb0\x02"
	"\x75\x70\xdf\x2d\x1a\x7c\xae\xf3\x6a\x1f\x6a\xa6\xe0\xac\xae\x49"
	"\x8b\xf9\xae\x80\xe5\x94\xad\x27\x56\x01\xdd\x2b\xdd\xd4\x37\x94"
	"\xe7\x4e\x89\x35\x7e\xdd\x5c\xc3\x79\x67\x07\xf0\xd1\x6c\x64\x57"
	"\xf5\x33\x10\x7d\x06\x54\x40\x75\x49\x1e\x0b\xa2\x0e\xba\x0e\x3c"
	"\x01\x0a\x34\x08\x0c\xf6\xc8\xdd\xc8\xc8\x64\x52\xd7\x0f\x19\xa2"
	"\x3b\xa8\x45\xba\xc0\x3a\x7a\x6b\x7e\x6e\x5b\x1f\x75\xc1\xc4\x43"
	"\x5e\x6f\x63\x4d\xf3\xd4\x6f\x52\x31\x1f\x1d\x7c\x44\x1e\xd2\xc8"
	"\x44\xcf\xab\x73\x84\x69\x46\x40\xc3\x3f\xa3\x59\x65\x2d\xb8\x55"
	"\x2b\xec\x19\xc4\x2f\xe4\xa8\xd3\x22\x47\x22\x8f\xaa\x9a\x8b\xdc"
	"\x0b\x3a\x6b\xbe\xcf\x63\xfb\x56\xda\x16\xab\x25\x12\x7c\x9b\x9f"
	"\x79\xca\x59\x33\x55\x2b\x4b\x38\x41\x27\x60\x4d\x6c\x51\xc5\xa2"
	"\x5d\x2d\x58\x3e\xa2\x79\xf3\xc3\x24\x98\x29\xff\xcc\xf2\xff\x72"
	"\x76\x6e\xdd\x8d\xe2\xca\x02\xfe\x2b\x7e\xdc\x7b\xad\xb3\xf7\x70"
	"\x07\x3f\xcc\x83\x0c\xd8\xa6\xc3\x2d\x48\xb6\x49\x5e\x58\x39\xe9"
	"\x4c\x77\xd6\x4e\x27\xbd\xd2\xe9\x7d\x66\xfe\xfd\x51\x49\x60\x03"
	"\x56\x49\xf4\x3c\xf4\x4c\x4c\x7d\xba\x20\x84\x54\x12\xa5\x2a\x86"
	"\xf0\xf7\x77\x09\xb9\x1a\x7a\xee\x13\xdb\x31\xcc\x6a\x72\x0c\x3f"
	"\xa9\xd7\xe3\xa7\xb8\xa4\x14\x8e\xdd\x81\xcb\x13\xe1\x93\x62\xb2"
	"\x8d\x23\xa4\xb7\x31\x09\x1c\x64\x63\xe8\x0c\xb8\x3a\x00\x3e\xf0"
	"\x5d\x85\x7a\x9d\x20\x6a\x41\x9e\x68\xde\x72\x90\x0a\xa5\x0b\xfb"
	"\x36\x00\xc0\x3e\xef\xc0\xcf\x18\xf6\x85\x00\x10\x61\x2e\x34\x35"
	"\x29\x11\x95\x06\xbb\x67\xc4\x7e\x48\x3c\x96\xc1\xee\xb9\x69\xbb"
	"\x13\xb9\x81\xbd\x09\xd5\x57\x1e\x91\xd5\x81\x2b\xba\x63\x0f\x55"
	"\x70\x6d\x97\x96\xf9\x74\xff\xa3\x61\x1d\x74\x54\x64\x2f\x95\x78"
	"\xd6\xf4\x2b\xbf\x3c\xce\xf8\x0a\xe1\xb0\x56\xa7\x67\x70\x7e\xf1"
	"\x8f\xde\x53\xde\xf3\xeb\x97\xd5\x9b\xf4\x9b\xf3\xcf\xd5\xc7\x1b"
	"\xa7\x9f\x56\x1f\x5f\x07\x4a\xb1\xae\xc6\x26\x9b\x63\xd1\x82\xdd"
	"\x09\x72\x32\x24\x51\xd8\xd9\xbd\x7e\xff\xf9\x81\x1e\x9b\x12\xae"
	"\x9e\xc6\x81\x83\xf9\xcf\xc1\x2d\xd4\xe4\xda\x76\x0b\x5d\x32\x9f"
	"\xf9\xe0\x95\x32\xb0\xef\xc2\x5c\x33\x4a\x82\x0a\x0f\x69\x37\x05"
	"\x32\xfc\x48\xa8\x20\xac\xc9\xda\x39\x24\x6e\xe2\xf0\xe3\xe9\xfd"
	"\xe5\xe1\xf5\xf3\xea\xf9\xf5\xe3\xe9\xfd\x8f\x87\xc7\x71\x40\xc4"
	"\x3e\x75\xc5\xe7\x14\xe9\x89\x41\x79\xbd\xab\x29\x39\xb4\xa8\x94"
	"\xf2\xc5\x57\x5a\x76\xed\xef\xb6\xe5\x78\x7a\xe6\xee\xf7\x30\x88"
	"\xe6\x95\xff\x54\xdd\xcd\x9a\x60\x22\x4e\x8f\x33\x27\x11\xc3\x65"
	"\xec\x55\x92\xf2\x9b\xf4\x0e\xbc\x5b\x30\x3d\xc2\x27\xa4\x4d\x85"
	"\x3c\x78\xcc\xc7\xd3\x39\xf1\xa6\x22\xcd\xc4\xf0\x69\xb8\xc6\x27"
	"\x7f\xf5\xca\x69\x04\xd4\xbe\x8f\xe8\x6e\x33\x48\xf5\x0d\xe0\x82"
	"\xb0\x9b\x8d\xba\x0a\xb7\x5c\x99\x46\x8e\x77\x8f\x18\xc7\x0e\x0c"
	"\x4c\x7e\x73\xb3\x49\x74\x55\x80\xbd\x38\x65\x0d\x40\x20\x3a\x38"
	"\xe2\x03\xfc\x0c\x32\x3e\xe2\x7a\x76\x60\x84\x22\xcf\x36\xb4\x98"
	"\x7c\x0f\x0c\x37\x54\x44\xae\xe3\x9a\x19\xd7\x35\x95\xd5\x86\xae"
	"\xbf\x36\x40\x31\x35\x00\x75\x63\x3b\xb6\x9e\x29\xd3\x13\x43\x66"
	"\x9b\x33\x03\xee\x69\x61\xe0\x37\x14\xd7\x7f\xc8\x31\x40\xac\x3a"
	"\x91\x13\xb9\x33\x50\x87\xf2\x66\x63\x78\xb2\x15\x1f\x91\x3c\x3d"
	"\xd2\x32\x63\x2e\x31\xa9\x6d\xbb\x35\x3c\xd6\x0d\xb2\xac\x1e\x0d"
	"\x44\xe8\x10\xc3\x47\x20\x38\xe5\x33\xf9\x6a\x37\x5c\xe3\x2b\x36"
	"\x82\x05\x13\xbb\x30\x6e\x62\x00\x90\x2d\xf7\x33\x10\x57\x1b\xc4"
	"\xdc\xff\x8c\xec\xb6\x88\x5d\xd2\x85\xc0\xe2\x03\x4d\x88\xae\x30"
	"\x41\x87\x8c\xbf\xb4\x05\x72\xbe\xe1\x8c\x09\x45\x99\xc4\x06\x8a"
	"\x66\x49\x7a\xca\x4a\x2c\x2c\xcc\x99\x63\x05\x32\x66\x5e\xca\x13"
	"\x9f\xc0\xf5\xcc\x89\x34\x4d\x56\x19\x8a\x2a\xc8\x4e\x18\x75\x18"
	"\x2a\x5e\x93\x38\xad\x9a\xcd\x02\x6a\x43\x10\x13\xee\x0b\xc6\xb2"
	"\x72\x67\x6c\x82\x53\x96\xf0\x1f\x7a\xe8\x7e\x9f\x96\xfb\x83\xa1"
	"\xab\x10\xea\x5b\x88\xef\xcc\x33\x03\xd3\xee\x41\xe9\x84\xfc\x8c"
	"\xb4\x35\x19\xb9\x09\x9c\x5c\xe6\x5a\x0d\x26\x99\xbb\xc6\x94\xef"
	"\x98\x88\x82\xc4\xd0\x57\x90\x55\x87\x78\x2f\xb5\x84\x91\x73\x95"
	"\xcb\x45\xd8\xe5\x24\xb5\xd8\x4b\x4e\x68\xdb\xfd\xd7\x09\x96\x60"
	"\x99\x13\xf7\xe8\x65\x53\x1a\x85\xe1\x84\x34\x87\xd5\x5b\xd9\x68"
	"\xaa\xa6\x80\x73\xa7\xc9\x50\xd4\x2f\xa6\x86\x21\x1b\x4d\x26\x1c"
	"\x5a\xa6\x32\xf5\x2c\xdd\xd1\x51\x45\x21\x18\x97\x53\x37\xe0\x7f"
	"\x96\x65\x53\x9f\x75\x63\x82\x24\x34\x8c\x3c\x73\x8d\x49\x12\x46"
	"\x61\xb8\x0c\x5b\x9b\xb1\x86\xab\x89\xf6\xdc\x65\x86\x1a\x85\x6d"
	"\x85\xae\x40\x3c\xc4\x4e\xc8\x03\xd7\x34\xb2\x36\xce\x1a\x23\xba"
	"\x39\x38\xb6\x65\xbb\x46\x0e\x3e\xc5\x54\x65\xda\x65\x71\x19\xb9"
	"\x88\xde\x31\xe1\xef\xa2\x98\x15\x3b\xdb\xb6\x16\xa0\x8c\xd1\x1a"
	"\x5f\xea\x5d\xb3\x1e\xb6\xe4\x9b\xa2\xbd\xbb\x3d\x91\xc4\x57\xbf"
	"\x1f\x33\xa8\xf7\x49\x09\xae\xea\x46\x7e\x7a\x17\xa4\x93\xae\x26"
	"\x91\x2a\x4f\x51\xcc\x85\x8a\x2e\x4d\xc1\x3a\xf2\x6b\xb7\x0b\x49"
	"\x36\xcb\xea\xbe\x39\x30\x56\x95\xcb\x58\x08\xf2\x05\x6e\xdd\xef"
	"\x7e\xa5\x39\x85\xf3\x7a\x4a\x97\x36\xd0\x24\x51\x47\x16\x34\x17"
	"\xec\x05\xd6\xc8\x41\xbe\x31\xb7\x27\x45\x4d\xf7\xd9\x82\x7e\x96"
	"\xa6\xcc\x5c\x6c\xba\x23\x39\x69\x17\x62\xe0\x90\x2b\x43\x2c\x4a"
	"\xc6\xf4\xf6\xf0\x29\x63\xf4\x60\xe4\x76\x55\x95\x64\xe6\xc2\xb3"
	"\x3c\xe3\x2f\xb8\x99\xdb\x1d\xca\xfb\x05\xcd\x72\xc3\xb6\x8e\xed"
	"\x98\x47\xbf\x14\xd3\x27\xa6\x90\xf9\x91\x9d\x08\x7c\x37\x3f\xa1"
	"\x67\x89\xaf\xd9\x25\x43\x29\x5f\xac\xd8\x76\xb4\x20\x4b\xbe\x60"
	"\xf1\x31\x13\xb8\x09\x57\x50\xdb\xf6\xcc\x58\x9a\x6f\x09\xed\x8a"
	"\xac\x5e\xc0\x8a\x1f\xe6\x07\x5c\xb4\xc1\x21\xef\x18\x35\xdf\x75"
	"\x56\xa6\x6d\x66\x6e\xf2\xe2\x26\x44\xbc\x91\x4d\x26\xd4\xb4\x2c"
	"\xc0\x9d\xa0\xf9\x29\x27\xac\xdb\x32\xbf\xb5\xcc\x53\xab\xf8\xbb"
	"\xc9\x76\x7b\xb6\x0c\x3d\x65\xe6\x4e\xb6\x70\x1e\x3c\x25\x4c\x58"
	"\x80\x2c\xe9\x3d\x72\x63\xb2\xa8\x2b\x9a\xb1\x74\x59\x4d\x33\xe6"
	"\x2c\x98\x64\xf9\x43\x14\xc3\x44\xb5\x84\x74\x2c\xcb\x5b\xc8\xf9"
	"\x0b\x39\xf3\x7b\xdd\x14\x1d\xf2\x91\x65\xa2\xd4\x65\x79\x4a\x92"
	"\x05\x18\x5d\xd4\xde\x94\xd9\x8e\x6b\xee\x91\xf4\x20\x9c\x3c\xb9"
	"\x8b\x66\x58\xda\x46\x81\xbf\xa0\xfd\x6a\x1a\xf8\x56\x68\x1e\x3f"
	"\xef\xf1\xd5\xd8\xa4\xfd\xaa\x7d\x21\x75\xae\xe9\x9e\x8b\x49\x33"
	"\x5e\xa8\xdd\x2f\xd6\xec\xff\xbe\x56\xff\x37\x34\x7a\xf3\x9c\xb7"
	"\xa0\x4f\x2d\x1c\x42\x76\xfc\xdf\xf1\x26\xbd\x33\x67\xb8\x63\xeb"
	"\x16\x56\x4e\x66\x5d\x76\x0f\xe1\x11\x84\x06\x8c\x6d\xa0\xce\xe7"
	"\x48\x30\xed\x5e\x9c\xa0\x21\x77\x49\x76\x28\xcc\x7c\x4d\x20\x3e"
	"\x54\xc1\x6e\xce\xde\x2c\x4c\x2c\x98\xef\x08\x07\x19\x58\x5f\xcb"
	"\x9a\xdb\xee\x50\x27\x80\xdd\x56\xd7\x1a\x9a\xcc\xa5\x4c\x4f\x10"
	"\x72\x1c\x5c\x9d\x8a\xaf\x21\x58\x66\x92\x06\xbf\x6f\x13\x47\xc9"
	"\xe0\x07\x8e\xd5\x5c\x91\xbb\x31\x55\x97\xe4\xbb\xaa\xc9\xd8\xbe"
	"\xd0\x97\x20\x8c\x8b\xba\xb2\xda\xe6\x84\xee\x67\x6f\x86\x24\xce"
	"\x7d\x10\xb9\xa3\x6d\x15\xeb\x54\x31\x09\x99\x34\xac\xbe\x71\xaa"
	"\x23\xd1\x57\x57\x74\x1f\xa4\x22\xba\x0d\xc8\x11\xc6\xb5\x38\x96"
	"\x1a\x9b\xef\xf2\xe6\x51\xd7\xb7\xa2\x5f\xc1\x5d\xa5\x11\x06\x02"
	"\x87\x56\x80\xdd\xce\x85\xf2\x5c\xc7\x59\x5e\x03\x96\x78\xae\x6e"
	"\xa9\x78\xc5\xc7\xc5\x2f\xc1\xc2\x29\x45\x9e\xff\x42\x93\xd8\xae"
	"\xf5\x8b\xf5\x77\xac\xa1\x4f\xfe\x5a\x3a\x77\x71\x3a\x39\x10\xed"
	"\x5b\xbe\x02\xb7\x9d\xcd\x82\x5e\x37\xb0\x64\xf4\xb6\x98\x33\xfe"
	"\x1b\xd5\xb1\x9c\xe4\x6f\xdd\xc4\x56\x95\x6a\xba\x55\x3d\xf3\x16"
	"\x2c\xaf\x92\x24\xb4\xbd\x56\xb3\xc3\x2d\x37\x4b\x62\xde\xcc\xa8"
	"\x16\x2d\xc1\x4d\x41\x6c\xc4\x35\x70\xff\x65\xcd\x6d\xad\x7e\x8d"
	"\xac\xa1\xf6\x1b\x88\x59\x8c\x86\xbb\xe9\x3f\x6f\x16\xd1\xda\xb3"
	"\xbb\xfa\xd4\xa8\xfd\xc0\x48\x4a\x38\xc3\x15\x61\xa8\xba\xe9\x51"
	"\xd3\x5e\xcc\xc7\xbe\xbd\xec\x3e\xba\x1d\xfe\x82\x44\x9e\xf6\xbe"
	"\x8a\xfa\xe0\x5a\x5a\x62\x57\x3b\x44\x2b\x06\xe3\xf2\x34\xad\xb1"
	"\x10\xe7\x17\x8a\x65\x39\xd3\x7d\xfb\x1a\xa1\x49\x0a\x51\x61\x1b"
	"\xed\xa3\xcd\x44\x14\x12\x96\x3a\x86\xaf\x99\xfb\x0a\x73\xd1\xc7"
	"\x8a\x63\xee\xbb\xb9\xd5\xea\x73\xa0\xbc\xcb\xf6\x65\xe9\xc0\x96"
	"\x7d\x5a\xeb\x1e\x3b\x3c\xcb\x82\x68\xf3\xb8\x4b\x09\xea\x1d\x54"
	"\x12\x71\x61\x5b\xba\x52\xce\xa1\x94\xfa\xde\x81\xf6\xaf\xc3\xf0"
	"\xa9\x5e\xd1\xfc\xba\xbb\x88\xb7\x91\x8f\x78\x14\xeb\x89\x53\xb1"
	"\xb0\x3f\x34\x15\x23\xcd\x1d\x9c\x8a\x34\x3d\xeb\xa4\xcd\x5d\xed"
	"\x8b\x9e\x15\x10\x1c\xe2\xa0\x6d\x38\xe2\x62\x6b\xf8\xde\xa8\x40"
	"\x04\x94\x81\x37\xbc\x23\x4d\x43\xee\x34\x68\xd2\x1c\x9d\xc0\x6a"
	"\x17\xbc\x81\x82\x0c\xfc\xc5\x64\xa8\x25\x69\x91\xd9\x88\x3d\x27"
	"\x57\xce\xd1\x0d\x51\xa1\x7c\x6d\xc5\xc7\x96\xba\xc9\xca\x71\x8c"
	"\x8c\x99\x64\xf0\x22\x38\xd5\xdb\xc6\x00\x57\x3c\x17\x94\x00\xde"
	"\x80\xb5\xd9\x5c\xab\x55\x7a\x12\x22\x4a\x64\x5c\x5d\xd3\x66\x2a"
	"\x57\x9c\x03\x8a\x44\x2c\x9d\xa5\x49\x77\x7c\xfd\xf9\xcb\x29\x96"
	"\x91\x9a\x15\xf0\x15\xfb\x29\xcb\xaa\xe3\xaf\x55\xa4\xdf\x8d\x5f"
	"\x06\x97\xe4\x98\xed\x64\x30\x3d\x69\xc2\x7b\x65\xe0\xb1\x7f\x78"
	"\xff\x2c\x1c\x72\x67\xbf\x55\xab\xc1\x5f\xee\xf9\xab\x4b\x33\x35"
	"\x68\x10\x17\xe0\xbf\xa8\xeb\x11\x49\x40\xdc\xaf\x1b\xcc\x7d\xa8"
	"\x20\xea\x98\x2f\x78\x1c\x95\x5d\xbe\x10\xe7\xd9\x86\x8b\xaf\x8b"
	"\x6e\xc8\x49\x57\xac\x74\xf0\x33\xcb\x78\x5e\x32\x75\x8a\x99\x97"
	"\xbd\x79\x36\x4d\x6c\xc8\x83\xd4\x1b\x0c\x38\xe0\x9b\x38\x3b\x52"
	"\xa4\x4a\xdf\xf5\xf1\xd7\x87\xf7\x87\xc7\x8f\xa7\xf7\x51\xc0\x8a"
	"\x41\x79\x1a\x6f\xb7\x1f\x47\xef\x70\xef\x4a\x0b\xfc\xfb\x95\x54"
	"\x1a\xe1\xd1\x31\x39\x00\xaa\x6b\x1d\xcd\xf9\x50\x7d\x91\xec\x4f"
	"\x23\xfa\x62\x24\xc6\x46\x82\x6e\x93\x09\x8f\x66\x2a\x1b\xea\x32"
	"\x6b\xd7\x51\x57\xb3\xe9\xf1\x45\xe9\x97\x55\x5c\x46\x5b\x92\xc0"
	"\x1a\xaa\x94\x81\xda\x90\xe9\xba\xac\xee\x2b\xec\xc0\x7a\xb7\xa3"
	"\xc8\x52\x00\xa2\x63\xf1\x17\x51\x19\x54\x2f\x4f\xb8\x5a\x29\x62"
	"\x8b\x41\x0c\xb6\x69\xcc\xb4\x23\x16\x63\x86\x8b\x6e\x66\x32\xe9"
	"\x6b\xfa\xe9\xfd\xf9\xe1\x45\x65\x7b\xd7\xdf\x5f\xe4\x4c\xf5\x2c"
	"\x19\xf9\xf6\xed\xf5\x5f\x42\xf0\x43\x26\x17\xee\xbe\x14\x6e\xeb"
	"\xfa\x3c\xe0\x75\xe2\xeb\x7e\xcb\xb6\x74\x2d\x79\xa6\x6c\x1d\x25"
	"\x82\x32\xc5\x62\xb6\x2b\x3a\x38\x0c\x35\x3f\x04\x30\x4f\xc0\x35"
	"\x76\x17\x75\x8d\x3a\x46\x5a\x1d\x02\x51\x5f\xf3\xd9\x96\xe9\x94"
	"\x98\xdb\x6a\xf6\x97\x3f\x21\x8f\x78\x28\x9a\x16\x78\x96\x10\xd6"
	"\x75\x97\x96\x99\x22\xdb\x41\xd4\xe9\x5c\xd2\x8d\xd8\xbd\xb6\x13"
	"\xd3\x38\x2e\x91\x93\x5f\x67\xc2\x0e\x32\x1a\xb6\xda\x46\xea\xc7"
	"\xaf\x4f\x8c\xec\xd0\x28\xb9\x53\xd4\x84\x65\xdb\x36\x68\x03\xed"
	"\xc3\xeb\xcf\x95\xd5\xd4\x98\x19\x1f\x17\x75\xe2\xa6\x76\x74\xe2"
	"\x2d\xcd\xbb\xbc\x36\x95\xc1\x7f\xa5\x2d\xe1\x33\x17\xc4\x00\x88"
	"\xf9\x1b\x7a\x7d\x9c\x34\x79\x7e\xf8\xb2\xa2\x73\x1b\x54\x88\x27"
	"\x2e\xa2\x85\x8c\x7c\x2e\xc2\x25\x11\xa2\xe8\x40\x37\x93\xd5\x2f"
	"\xbb\xeb\xc4\xfc\xa8\xd6\xb9\xf7\xc7\xb8\x4b\x62\xc4\xfb\x62\x0d"
	"\xdb\xa1\x7c\xbc\xca\x95\xa1\x7a\xf9\x80\xc9\xc7\xe3\x64\xaa\x4d"
	"\x9d\x2f\x8a\xc8\x27\x7c\x76\xc0\x06\x99\x0b\xa8\xee\xd6\x13\x79"
	"\x3f\xc0\x4e\x46\xf1\x5e\x7a\xed\xa9\x8b\xd4\x35\x78\x2f\xba\x1e"
	"\xbf\x7a\x0f\xbc\x8f\x8a\x19\x68\x14\x01\xe1\xa4\x0b\x24\xc9\x62"
	"\xfe\xaf\x46\x87\x4d\x54\x55\xe0\x1d\x2f\xbf\x9b\x45\xbc\x3b\x97"
	"\x28\x9b\xab\x39\x50\x26\x9c\xd4\xcf\x83\x72\xc2\xfd\x93\x84\xd6"
	"\x4d\x1d\x4f\x2f\x36\xc9\x66\xf7\xfb\xb7\xde\x76\xd5\x89\x15\xb6"
	"\xca\xe3\xc0\x90\x60\xa9\x22\x6c\xe6\xb2\x72\x5b\x4d\x2f\xc3\x47"
	"\x1e\xc2\x66\xd7\x78\xf7\x9a\x1a\x07\xf3\x8b\x85\xb0\x07\x96\x07"
	"\x9d\x7f\xbe\x7c\x3c\x7f\x7f\x79\xfa\x93\xb7\x23\x14\x1e\x7f\x7d"
	"\xfe\xae\x1a\xd6\x21\x19\x69\x36\x72\x3d\x14\x43\x94\x8b\xb4\x44"
	"\x7c\x7b\xf4\x25\x68\x16\x68\x3d\x50\xc7\x64\xed\x7b\xf6\x02\xe6"
	"\x4f\x3d\x93\x95\x31\x6b\x72\x2d\x83\x9d\x24\x07\x79\x92\x22\xb9"
	"\x8c\x98\x3e\xde\x29\x4c\xc1\xd3\xb6\x84\x4d\xe0\xcd\x25\xb4\x2c"
	"\xb4\xe1\x59\x3f\x85\x08\x2e\x97\xb6\xec\x3b\xef\x8a\x16\x70\xfd"
	"\x2b\x44\x70\xb9\x04\x49\x54\x4d\xc7\x32\xfb\xcc\xf6\x5d\x1f\xad"
	"\xbb\x90\x07\xae\x5e\xde\x6a\xe4\x45\x12\xfa\x81\x4e\x0c\xce\x20"
	"\x51\x79\x86\x7d\x95\x16\x42\x8a\x6d\x65\x71\x61\x9d\x65\xad\x87"
	"\x4a\x4b\xf1\x7d\xca\x41\xe5\x34\xa3\xbe\xbf\xf6\x75\xf2\x00\x59"
	"\x7f\xf6\xe2\x75\xd0\xa2\xe2\x23\x72\x2a\xae\x97\xcd\x6c\x37\x2e"
	"\x2f\xee\x5f\x3f\x3e\x9e\xbe\x49\x77\x0a\xf2\x69\xae\xfe\xf1\x8d"
	"\x3f\xe6\x97\xbf\x56\x4f\xdf\xfe\xf7\xe9\xf3\xe7\xa7\xcf\xab\xdf"
	"\x7a\xea\x5f\x5c\x9d\x7a\xe4\xef\xda\x3f\xe7\x0f\xbc\x77\x06\x89"
	"\x96\x1f\x83\x7f\x04\xed\xab\x95\xa4\x34\xdb\x95\x22\xfe\xaf\xf6"
	"\xc3\xcb\x9c\x45\x0e\x9c\x01\x96\x16\xe9\x11\x7f\x18\xda\xda\x94"
	"\x55\x41\x92\xec\x06\x95\x57\xb8\xdd\xb3\xe8\x26\x31\x31\xdf\x45"
	"\xdd\x12\x6d\xf5\x6f\x0f\x35\xf2\x5a\x0b\xbf\x40\x73\x7d\x0b\x04"
	"\xcd\x8d\xdb\x6a\xba\x4f\xc1\x10\x8f\xc1\x20\xee\x9d\x4a\xe0\xe9"
	"\xa5\xfe\x72\x7d\x80\xe6\x4f\x3e\x9b\xbd\x72\xdd\x9a\x33\xbf\xc9"
	"\x51\xe2\xe1\xf3\xc3\xf7\x0f\x7c\x74\x48\xb2\x0a\x8e\xff\x1c\x1c"
	"\xbc\x32\x7d\x04\x4f\xbe\x3c\xc5\xec\x14\xc4\xed\x56\x9b\x8a\x6d"
	"\x0f\xf7\xf7\x5d\x45\x91\x48\xe4\xe2\xce\x48\x45\x3b\xbe\xe2\xc0"
	"\x81\xac\x84\xf0\xdf\x9b\xab\x7b\xab\x3e\xbe\xca\x19\xa6\xbf\xb1"
	"\xd1\x4b\x32\xbf\x29\x98\x13\x35\xbd\x8d\xb2\xc3\x06\x17\xe6\xe4"
	"\x98\x6a\x7a\x3b\xb8\x9a\xc7\x83\x15\x9e\x11\x18\xd4\x0d\x88\x5a"
	"\x0b\x90\xf1\x9a\x2f\x1a\x62\x9d\xa1\x5e\xea\x40\x56\x10\x2a\xbd"
	"\x13\xc8\x85\x59\x9d\xad\x8a\x87\x1f\xf0\xbc\xe3\xcb\xc4\x90\x28"
	"\xd6\x69\x10\x0d\x48\x68\xd3\x6a\xbd\x14\xc4\xad\x0c\x1a\x24\xfd"
	"\x83\xa1\x98\xce\x67\x0b\xc8\x75\xa3\x91\xbc\xb9\x61\xfc\x40\x11"
	"\x74\x74\x00\x21\x68\xd8\x68\x90\x36\x2e\xaf\x64\x97\x42\xe5\x7c"
	"\xed\x88\x7c\xb7\x13\xd2\x96\x38\xd8\xf2\xe5\x2c\x46\x47\x0e\x40"
	"\x34\x9e\x87\x41\xcc\x07\x96\x91\x63\x1d\xb8\xa0\x1a\x4f\x40\xc0"
	"\x17\x53\x11\x9f\x93\x2c\xbc\xb2\xda\x51\x03\x80\x16\x1c\x9e\xe1"
	"\xd2\xab\x31\x65\x22\xbe\xbf\x2b\x6f\x8b\xba\xdb\xdd\xce\x5a\xfb"
	"\xdc\xf1\xea\xf7\xb7\x8f\xb7\xc7\xb7\x97\xbe\x07\x8e\xb7\xd4\x6a"
	"\xd1\x95\x66\xe7\xb8\xe0\x2a\x44\x96\xdd\x88\x88\x0d\x29\xb6\x20"
	"\x87\x1b\xcb\xd3\xc0\x69\x2d\xbc\x0f\xc9\xa3\xd1\x4a\x87\x17\x57"
	"\x71\x8c\xfb\x4b\x62\x90\x40\xd4\xb5\x31\x52\xee\x92\xf1\x03\x1a"
	"\x07\x4e\x87\x5f\x82\xa9\xe1\x5c\x36\xd7\x6d\x35\xa2\x73\x28\x8b"
	"\xcb\xba\x87\x5e\x37\x63\x5d\x53\x95\xea\x5c\x2b\xa2\xd6\xc1\xb5"
	"\x2f\x4f\xaf\x4f\xef\x0f\x1f\x6f\xef\xd7\x4a\x22\xab\x57\x8f\x2f"
	"\x6f\x8f\xff\x51\x66\xc7\xea\xce\xf6\xa3\xa8\x8b\xe7\xc7\x3c\xc7"
	"\xa7\x30\xa5\xd7\xa7\x15\x1c\x1d\x2c\x53\x76\xaa\x1a\xe1\x21\x46"
	"\xac\xe6\x28\x23\x45\x0d\xfb\x62\xa3\xe3\x98\x0f\x9f\x3f\x3f\xc3"
	"\x21\x4d\x3e\xf9\x88\x82\x7f\xfc\xfb\xf2\xfc\x7b\xc5\x78\x18\xa5"
	"\xea\xe7\xd7\x59\x70\xef\x0b\x57\x8c\x0f\x1a\x42\x3a\xfe\xd7\xe5"
	"\x02\xf8\xa0\x6e\xc0\xef\xf2\x59\x30\x5a\x74\xc1\x98\xaa\x53\xe4"
	"\x7b\x19\x68\xa4\x5a\x39\xe5\x77\x96\xab\xf6\x6c\x06\x80\x3f\xd7"
	"\x49\x84\xeb\x21\xdf\xfa\x36\xb2\x02\x4f\x5f\x36\x30\x91\x9e\xc9"
	"\xea\x5b\xcf\xb2\xd7\x26\xc6\x58\x16\xaf\x66\x14\x20\xdb\x20\x63"
	"\x66\x6d\x62\xc0\xd9\x88\xed\x9b\x19\x7f\x41\x3e\x88\xc9\xdd\xb8"
	"\x3e\x6d\x68\xbe\xaf\x35\x72\x5c\x70\xc2\xf8\xae\x99\x71\xc3\x05"
	"\x65\x2d\x60\x3c\xfd\xbd\xd3\xa4\x88\x3c\x5f\xd3\xa7\x38\x10\x84"
	"\x96\xaa\x5b\xd1\xa4\xad\xab\xaa\x39\x65\x39\x12\x2e\x78\x52\x8f"
	"\x75\xa0\x29\x44\xcc\x2d\x62\x68\x82\x61\x49\x55\x98\x24\xe8\x46"
	"\x12\x8a\xac\x60\x2e\x9e\x38\x83\xab\xb6\xc3\x09\xd0\x29\x01\xc6"
	"\x53\x73\x8f\xb1\xf2\x1d\x9d\x4f\xe7\xa3\x74\x32\x2c\xdf\x79\x67"
	"\xe1\xe9\xdb\xdb\xfb\x5f\xab\x6f\x0f\xdf\xbf\xf3\x75\x8f\x48\xa6"
	"\x50\xf8\x44\xba\xd0\x6b\xa5\xbf\x37\xf5\x37\x88\xfa\xfc\x9d\x04"
	"\x97\x27\x27\x52\x6f\x70\xf1\x79\xe8\xd1\x2d\x25\x24\xd9\xa0\x0a"
	"\x8b\x90\x17\x7c\xd0\x3d\xd4\xb8\x9c\x6b\x24\x81\x8d\x8b\xa5\xb5"
	"\x04\x62\x08\x3c\x34\x62\x5c\x69\xe4\xc7\x36\xf2\x7d\x5c\xdc\xc2"
	"\xad\x6a\xc4\xb8\x9a\x20\xe4\xf7\xad\x72\x69\x2b\xda\xe4\xe9\xcf"
	"\xef\x7c\x3e\x51\x3d\x40\xdd\x81\xe8\x1e\x28\x35\x6d\x26\x0e\xe3"
	"\x22\xfb\xf5\x17\xc0\xd1\x54\x5b\x6c\x13\xb9\x5a\x00\xcc\x01\x34"
	"\x00\x6d\x6d\xdf\xd2\xc8\x59\x9d\xc5\x4e\x64\x6b\x2a\xc9\xa8\x37"
	"\x73\x67\x2a\xdf\x83\x6d\x72\xdd\x7c\xfd\x5e\x50\x66\x6c\x58\xcd"
	"\xfe\x8b\x34\x68\x61\x51\xab\xa9\x75\xc1\x27\x9b\x6a\x8f\xcb\x9b"
	"\x24\x76\x1d\xbb\x55\x6a\x84\x86\xaa\xf1\x97\xd6\x46\xe6\xb0\xd1"
	"\x43\xd5\x54\xbd\x88\x5d\x37\x8a\x34\x0d\x5a\x67\xb4\xa2\x8d\xb2"
	"\x6e\x6f\xef\x4b\xba\x65\x11\xd7\x8e\x4b\xa7\xa6\x85\xd2\xad\x02"
	"\x5f\xa1\xe2\x69\x4f\xea\x4a\x4b\x1b\x27\x72\x54\xad\xfb\xa4\x4c"
	"\xb8\x2c\x98\x0c\xcc\x97\xcb\xf8\x3a\x68\x0e\xc1\x9f\x0c\xfb\xe6"
	"\x30\x86\x73\x16\x3b\x6b\xdf\xd1\x57\x67\x16\x6e\x51\x4c\x11\x09"
	"\xec\x4d\x43\xd0\xe0\x14\xab\xac\xa2\x0a\x0a\x4a\x8c\x35\x23\x85"
	"\x6f\x24\x92\xa3\x18\x96\xbd\x94\xca\x4b\xd5\x76\x8b\x05\x0c\x01"
	"\xa6\x49\x45\xc4\x57\xa8\x2c\x5a\x1b\x38\xfb\x96\xdf\x5d\x17\x26"
	"\xaf\x6b\xfc\xb6\xd4\xe0\x04\x13\x50\x34\x96\x14\x4c\x1a\x24\x89"
	"\xbb\x0d\x61\x7c\x02\xba\x43\x3c\x25\x52\xa6\xc9\xa6\x4f\xda\x25"
	"\xd4\x09\x91\xee\x3e\x41\x6c\x33\xe2\x68\x11\xba\xa1\x5a\xf9\xe6"
	"\xd6\x41\x63\xb9\x0e\x0c\x1c\x39\x0a\x2d\xcf\x5a\x02\x21\xe1\x63"
	"\xf6\x10\x1f\xad\xe9\x32\x5a\x03\xa4\x65\x78\x46\xd1\xda\x72\xb5"
	"\x4c\x5e\x47\x21\x72\x94\x6b\x40\xd0\x57\xec\x52\x0e\x84\xe2\x68"
	"\xb4\x8c\x54\xa2\x8a\xcd\x46\x4b\xf1\x36\xf4\x6c\xbf\x35\x33\x98"
	"\x2f\xa2\x11\xe3\xf8\xa1\x91\x09\x91\x6f\x00\x23\xc6\x8f\x0c\x65"
	"\xf1\x9b\x72\xbd\x50\xfb\x44\x77\xe4\xb0\x4b\xe5\xc0\xe2\xe9\xfb"
	"\x61\xc3\x7c\xcb\xd5\x3f\xb1\x86\xad\x3d\x5f\xa5\x36\x97\xad\x6b"
	"\xd5\x81\xb5\x76\x07\x5d\xf1\xf6\xe7\xc3\xcb\xe3\xdb\xb7\x6f\x2b"
	"\xf6\xf4\xf8\xf5\xf5\xed\xe5\xed\xcb\xf3\xd3\x8f\x55\xf6\xfa\x28"
	"\xec\x4c\xbe\x3c\xbd\x8b\x85\xec\xf6\xe7\xd3\xcb\x6a\xf7\xf0\xf3"
	"\xcb\x93\x6a\x5d\x2c\x34\xab\xad\x6a\xa7\xad\x97\xc0\xfb\xec\x4e"
	"\xfd\x79\x6f\x6c\xd7\x6f\x87\xfa\x22\x86\x6c\x9c\x09\xac\xf3\x3d"
	"\x6d\x77\x38\xe6\xfb\x72\xff\xd1\x9c\xa1\x6f\xcb\x53\x59\xd7\xdc"
	"\xb8\xca\x1c\x9d\xd8\x13\x0d\x17\x7d\x3c\xe3\x48\x7f\x37\x43\x0e"
	"\x46\xe6\xb6\xac\x8e\x15\x2e\x3e\x16\xdd\xa6\xa0\xb8\x9c\xeb\x98"
	"\x29\x69\xcc\x55\x61\x77\x35\xb2\x8f\x2e\x6b\xa1\xdc\x37\x85\xfb"
	"\x5c\x0f\x4f\xa4\xab\x0f\xc2\x0f\xac\x54\xb5\x9e\x7f\x3c\x3e\xbd"
	"\xbc\x3c\xbc\x3e\xbd\xfd\xfc\xa1\xee\x54\xff\x03\xbd\xea\xdf\xab"
	"\xef\x6f\xff\xc7\x3b\x95\xa2\x17\x89\xaf\xb4\x75\x81\x46\x18\x96"
	"\x2b\xbd\xf3\xad\x8d\x0d\x14\x85\x78\x0f\x7b\xed\x72\xba\x80\x38"
	"\x4a\xf1\x8d\x9a\x00\x2b\x25\x95\x54\xb8\x10\x06\xfb\xce\x52\x4e"
	"\xce\x8a\xa4\x59\xac\x4e\xda\x30\xd8\x9a\x66\xd7\x07\xc1\x87\x9c"
	"\x53\x70\x54\x22\xab\x0d\x51\x30\xab\x9c\x5d\x17\x00\xfe\x45\x78"
	"\xc9\x58\x26\xb2\x06\x60\x2f\x26\x3c\x67\x5c\x97\x31\x34\xca\xc8"
	"\xbc\x6f\x24\x98\xdb\x64\xce\xa8\xc1\xa8\xea\x3c\xc6\xc8\x3a\xcf"
	"\xdc\x31\x9d\x4d\x07\x8a\x59\x64\x23\xb8\xd0\x1d\x91\xe0\xa9\x52"
	"\xda\x7f\x00\x98\x6d\xe8\x4a\xfb\xa6\x87\x0f\xbe\x38\x55\x5b\x45"
	"\x95\xb4\x6a\x28\x18\xf1\xbb\xc8\xa1\xd9\x11\xe2\x2d\x41\x22\x03"
	"\x52\x80\x97\x85\x05\x8c\xbf\x80\x09\x16\x30\x6b\x33\xe3\x1a\xeb"
	"\xb3\x76\x3c\xcb\xc0\xb0\xd0\xb5\xcd\x8c\xb7\x88\xb1\xcd\x4c\xe0"
	"\x98\x99\x70\x41\x59\xa1\xa1\x9d\x69\x1c\x06\xa6\xe7\xc5\xda\x5a"
	"\x4f\x24\x34\x70\x2c\x03\x61\x9b\x8a\xc9\xfc\x1b\x30\xaa\xd3\x32"
	"\xdb\xd0\x8e\x2c\x7f\x6b\x64\x22\x07\x9b\xec\xce\x90\xef\x86\x3e"
	"\xd5\x32\xbb\xdc\xb7\x23\xd4\x1e\xee\xcc\x38\x96\x89\x09\x03\x8b"
	"\x98\x08\xfd\xe3\x16\x6b\xab\x2d\x72\xd0\x7f\x80\xf6\xd9\x3e\xc0"
	"\x2c\xd7\xcf\x8d\x0c\xc1\x07\x4e\x58\xa0\xd4\x33\xc5\xa2\x50\x0b"
	"\x7c\x8a\x3d\x7d\x85\xf9\x92\xa2\xb1\x1d\x43\xa7\x10\x53\xed\x2e"
	"\xd5\x33\x42\x9f\xf3\xcd\xcc\xda\x32\x31\x5c\xe9\xb5\x8d\x8c\x63"
	"\xfb\x66\xc6\x71\xcc\x8c\xb7\x20\x9f\xc0\x5a\xc0\xe8\xeb\x2c\xfc"
	"\x2b\xd8\x66\x26\xb0\x02\xdf\x0c\xd9\x6b\x33\x13\x44\x46\x66\x1d"
	"\x9a\x10\xd7\x0e\x0d\x8d\xc8\xa1\x20\x70\xd7\x66\xc6\x5b\x90\x8f"
	"\x6f\x99\x99\x45\x95\x36\xf4\xb2\x22\xae\x5d\xf3\xf4\x17\xa3\x76"
	"\xa9\xfd\x73\x2f\x10\xab\xa8\x0b\x60\x18\xfa\x39\x60\xcc\xc1\x37"
	"\x01\xa1\x09\x88\x0c\x40\x64\xaa\x64\x64\xaa\x64\x64\xaa\x64\x64"
	"\xaa\xa4\x69\x58\xe0\x53\xbf\x09\x30\x55\x72\xed\x3b\xae\x67\x66"
	"\x3c\x7b\x01\xa3\xbf\xdf\x3a\x8e\x42\xd7\x30\x68\x00\xe3\x39\xfa"
	"\x66\x29\x19\x58\xfa\xa4\x4d\x91\x51\x86\xf8\xac\x3b\xa3\x31\xe3"
	"\x6f\xbc\x6b\x64\x42\x43\x7f\xe2\x4c\x18\x59\x8e\x91\x59\x5b\x9e"
	"\xe1\xf6\xb6\x91\xbf\xb6\x95\x56\xe8\x92\x10\xcb\x2f\xd8\xf7\x82"
	"\x65\x02\x9f\x5e\xa6\xe6\xe8\x33\x26\x3e\x34\x4d\x8a\xb8\x56\xa9"
	"\x8b\xcd\x41\xaf\x21\xc0\x31\x3c\xd3\xac\x4c\xf7\xcc\x30\xa5\x70"
	"\xc2\x30\x64\x70\xc2\xfd\xd3\x44\xc4\x86\x3c\x34\x66\x87\x67\x2d"
	"\xad\x48\xed\xd0\xd5\xf7\x9d\xb4\x88\x6d\xcf\x72\x4d\x8c\x63\x9b"
	"\x99\xe0\x84\x39\xdd\x3e\x57\xba\xa0\xb1\x17\x16\xcb\x20\xc3\x9b"
	"\x2c\xb1\x8d\x6b\x18\xe7\x69\xbc\xf7\x03\xf0\x29\x51\x15\x26\x35"
	"\x89\x16\x45\x10\x98\xd6\x31\xb1\xed\x44\x49\x64\x5c\x36\x51\xdb"
	"\xb2\x4d\x59\xd1\x30\x72\x22\x33\x13\x1a\xe6\x1f\xde\xf0\x91\x49"
	"\x17\x2f\x89\x63\xad\x8d\x88\x61\x1e\xe3\x88\xeb\x18\x4a\x62\x71"
	"\xa8\x7f\xe1\xd9\xbe\x88\x0d\xd3\x37\x2b\x6a\xdb\x30\xb4\x08\xc4"
	"\x35\x21\x9e\xa1\x3b\x02\x62\xb8\x9f\x63\x46\x82\x28\xd0\xab\xfb"
	"\x47\x66\x3b\x06\x95\xed\xc8\x20\x0e\x86\x16\x39\x45\x6e\x18\xd9"
	"\x89\x91\x59\x2f\x61\x9c\x05\x8c\x6b\x46\x7c\x13\x92\x87\x91\xcf"
	"\xe8\x02\x2a\x28\x77\x26\x2a\x70\xc2\xfd\x76\x01\x94\xee\x55\x91"
	"\x52\xc5\xfc\x27\xce\xba\x4e\x2f\x9c\x77\x67\x66\x97\xab\xed\xf5"
	"\xb5\x53\x93\x09\xef\xa2\x1d\x6b\xb2\x7a\xea\x01\xa5\x27\x92\x74"
	"\x4b\x0e\x39\x1c\xb0\x3d\x42\xc4\xaa\xba\x3b\x65\x14\xf1\xd2\xa3"
	"\x48\xb1\x25\x59\xc3\x87\x76\xa2\xf6\xc0\xa8\x48\x20\x42\x74\x0c"
	"\xfb\x5b\xda\xac\xfb\x2f\x82\x10\xa9\x80\x60\x3a\xc0\x90\x6e\x71"
	"\x55\x26\x77\xa9\xaa\x01\x00\x60\xb4\xd9\xcd\x2d\x37\x15\xdc\xe4"
	"\x5e\x14\xf2\xbc\x3a\xf1\x15\x64\x91\x31\x8a\x95\xa4\xb9\xc7\x61"
	"\xbb\xbf\x3e\x8c\x3a\xc2\x28\xe4\x41\x05\x96\x81\x52\xa0\x48\x96"
	"\xa4\xc7\x6d\x93\xde\xaa\x92\x0e\xe5\xeb\x63\x35\xdc\x56\x4d\x76"
	"\xab\x2a\x40\x6c\xde\x91\xb8\xce\x56\x59\xc9\x5c\xcf\x6a\xc1\xc4"
	"\xed\xfd\xdb\xe4\xcc\xe3\xf8\x73\xa8\xb0\xa9\x61\x69\xc1\xb5\x99"
	"\x9c\x34\xc5\x75\x4b\x81\xa6\x33\xae\xdf\xf8\xc3\x20\x7e\x83\xe3"
	"\xd4\x12\x55\x64\xcd\xe0\x35\xbb\xfa\x0c\x72\x5d\xdf\x69\x24\x5b"
	"\x91\x4a\x15\x86\x8e\x16\xdd\x26\xce\xbb\x9a\x57\xaf\xe6\x25\xc0"
	"\xe9\x34\x36\x7a\x3d\xc1\x19\xc7\x50\xb2\x7c\xec\x5d\x12\x1f\xe9"
	"\x14\x80\xe8\x0f\x07\x38\xff\x27\x06\x80\xa9\x8c\x54\xb5\x88\x5e"
	"\x13\x57\x55\x9e\x95\xbb\xde\xf9\xe5\x94\x81\x98\x41\x98\xfc\xe2"
	"\xf5\xe1\x8a\xb8\xdc\x21\xcf\x43\xdc\x44\x91\xc5\xea\xb1\x70\x20"
	"\x60\xa3\x5c\x73\xca\xeb\x44\x58\xbc\x4f\x2a\xe5\x47\x04\x88\x72"
	"\x56\x51\x9a\xc9\x10\x51\xd2\xae\xe0\xed\xf5\xf9\xf1\xc7\x8a\x3e"
	"\xbf\x3c\x3f\xbe\xbd\xae\x36\x0f\x8f\xff\xf9\x0e\xdf\x12\x26\x7b"
	"\xc1\x54\xe5\xc7\x66\x13\x17\xe4\x2a\xbb\xcd\xfb\xdb\xc3\x67\xfe"
	"\x34\x57\x3f\xbe\x3f\x3d\x3e\xff\xf1\xfc\xb8\x82\xd3\xae\xe3\xcc"
	"\x20\xd9\xb5\xb9\x08\x1c\xc8\xfa\xe3\xe7\xeb\x23\x98\x63\x5e\xc7"
	"\x9f\x1c\x1e\xf4\x36\xb9\x3a\x7d\x0a\xd7\x48\xcc\xa2\xb5\xe7\xab"
	"\xa7\x4e\x01\x50\x37\x44\xa6\xcd\x41\x8c\xec\x29\x48\x5b\x58\x30"
	"\xf4\x41\x76\xa4\x44\x7a\xc2\x9c\x28\xb4\x34\x41\xd2\x01\x12\xce"
	"\x6e\xb6\x79\xda\xce\x8e\xf7\x29\xa8\x7d\x1e\x23\x9e\xc5\x81\xe1"
	"\x2d\xe8\xaf\x2d\x44\x83\x12\x99\xb4\xb5\x63\xe1\x6e\x12\x45\x33"
	"\x36\x70\xa6\x21\xc6\xef\x39\x21\x6b\xcb\xc5\x8b\x00\xb1\xef\xa0"
	"\x56\xec\x23\x44\x57\x0b\x81\xf8\x5a\x31\xb2\xbd\x79\x16\xbb\x3a"
	"\x31\xe6\x34\x48\x88\xf3\x12\xcf\x3a\x6d\xef\x4a\xde\x40\x79\x4d"
	"\x90\xc8\x38\x00\xf1\xe5\x8c\xf0\x21\xa7\x6b\x84\x81\xd1\xb5\xc2"
	"\x3e\x0b\xb8\x6e\x78\x65\xbd\x78\xf9\x8a\xc3\xe0\x40\x0b\xcd\x62"
	"\x17\x15\xf3\xec\xeb\x5c\xad\x88\xe5\x35\x17\x23\x47\xd2\x40\x86"
	"\x1e\x57\x13\xc1\x47\x61\xb0\x41\x2b\x06\x95\xff\x44\xca\xfb\x2e"
	"\x2e\xaa\x04\x8b\x6e\xcb\x99\x1b\x3e\xcb\x20\xb5\x03\x71\x14\xd5"
	"\x05\x16\xd3\xef\x22\xf7\xf5\xf2\xc0\xc2\x3b\x2b\x6c\x2c\x7a\x3e"
	"\xb2\x2b\xd5\x03\x61\x18\x68\xde\x70\x09\x44\x81\x01\x58\xbb\x7a"
	"\x20\xf2\xb4\x40\xb4\xb6\x42\xbd\xdc\xf1\xf5\xf2\xb5\x21\xfd\x3a"
	"\xc2\xe5\x2c\x70\x75\xc9\xd3\x72\xeb\xd8\x9b\x42\xdd\x13\xd2\x7b"
	"\x71\x68\xb5\x46\x93\x1f\x33\x3e\x3b\x8b\x13\xbc\x28\xd2\xa4\xec"
	"\x80\x0a\xeb\x78\xeb\xf3\x97\x5d\xe5\x8f\x13\xc4\xe2\xcc\xd7\xcc"
	"\x3e\x18\xae\x0b\xbd\xa1\x51\x7e\xd9\x06\xb1\xd2\xae\x58\xd4\xe5"
	"\xda\x42\x70\x2a\x67\x14\x3f\x42\x23\x01\xd4\x50\xe4\x9c\x1e\x8b"
	"\x0f\x29\x80\xd8\x67\x7e\xa4\xc9\xe0\x26\xb2\xf0\x67\xd9\x94\x3e"
	"\x0b\x6c\x5c\x4e\xd3\x58\x3f\x59\xd1\xcc\x0b\x83\xd6\xc0\x14\xbe"
	"\x85\xcf\xa9\xf4\xe6\x2e\xe2\x2f\x9d\xa3\x49\x8e\x78\x43\x26\x9b"
	"\xd6\xb7\x0c\x93\x29\xe5\xeb\xe9\x14\x7b\xa8\x57\x46\x78\x70\x15"
	"\xd4\xb8\xc2\x05\xc3\x17\x46\x63\xa2\x99\x5d\xf3\xda\x5d\x6b\x5e"
	"\x53\x30\xc8\x8a\xf0\x96\xad\x49\x5e\x20\x41\xf0\xc0\x4d\xad\x6d"
	"\x21\xd6\x53\xd2\x87\x2d\xe6\x5d\x51\xe7\xe0\x56\xdc\x9c\x00\x34"
	"\xc3\x93\x04\xd6\x96\x1e\x70\x6c\xfc\xfd\xe7\xed\x07\xb7\xee\xb6"
	"\xa6\x2c\x22\x3d\x10\x05\x86\x1c\xd6\xb6\x65\x02\xf4\x4a\xc5\x19"
	"\xd2\xcd\xcb\x1c\xe2\x53\x0e\xb2\x4f\xc2\x4e\xb9\x67\xb9\x9a\x2e"
	"\xc8\x81\xc0\xf2\x0c\x7d\xf4\x94\xdb\x4e\xe8\xea\x99\xbc\x70\x7d"
	"\xcd\x30\xc1\x62\xd7\x8f\xd6\x9a\x06\x2b\x34\xb3\x2e\x6e\x32\x2f"
	"\x74\xc4\x26\xbb\xaf\x4a\xa2\x6d\xc9\x81\xd1\x35\xe4\xa9\x88\x3c"
	"\xcd\xdc\xcd\xc5\xae\xad\x57\x7f\x7a\xc4\x50\x88\xeb\x5b\xa6\x5c"
	"\xd6\x6b\xf5\x7e\xa0\x38\x35\x97\xc4\xda\x83\x56\x03\x23\x8d\x67"
	"\x55\x9e\x2e\x86\x35\xdc\x78\x60\xb9\x2c\xec\xb0\xf3\xae\x17\x42"
	"\x06\x80\x57\x7c\x59\xb8\x20\xc3\x1a\x14\x5c\xdd\x1c\x0a\x64\x7d"
	"\x77\xc1\xcf\x16\x49\xca\x04\x57\x38\x84\x85\xb8\x3b\xa3\xea\x1a"
	"\xc0\x4a\x2a\x42\x36\xa6\x47\x54\xe2\xbb\x88\x26\x31\x82\x4a\xfe"
	"\xbf\xda\x00\x71\x1d\xdd\x41\xde\xf7\x19\x64\x1b\xa0\x2d\x29\x7d"
	"\xd7\xf7\x4d\x55\x47\x8d\x65\x2f\x48\x46\xf3\xb5\x6b\xf9\x66\x2a"
	"\x70\x42\x9b\x18\x30\x98\x4d\x42\x7b\x09\xe4\x18\xa1\x28\x44\x0e"
	"\x83\x4c\x21\x63\x1b\xe4\x72\x58\x59\x40\x05\x61\x60\xa0\x40\xb5"
	"\xf6\xa3\x05\x54\x14\x78\xeb\x25\x54\x60\x2d\xa0\xd6\xbe\xb3\x84"
	"\x42\xbe\x64\x8f\x28\xae\xf3\x1a\x7b\x56\xbd\x3d\xdc\xa7\x98\x63"
	"\xad\x11\x76\x8c\x22\x2b\x58\x44\x45\x8b\xa8\xb5\x91\x3a\x15\x06"
	"\xe2\xbc\xd1\x67\xe0\xf8\x6c\xe8\xdb\x58\x08\xf0\x09\x16\x38\xae"
	"\xf1\x1e\xa5\xb2\xe1\xb8\x8b\xb0\xb0\x5d\x82\x39\x9e\x09\x8b\xeb"
	"\xc6\x4c\xb8\x0b\x90\x6e\x5f\xfc\x3f\x6b\x57\xd2\xdc\x38\xae\xa4"
	"\xff\x8a\xe2\x1d\x26\xba\x63\x5e\x47\x73\xd1\xfa\x26\xea\x00\x81"
	"\xa0\x84\x16\x37\x13\xa0\x24\xf7\x85\xa1\xb6\x55\x55\x8e\xf1\x16"
	"\xb6\xeb\x4d\xd7\xfc\xfa\x41\x82\xa4\x44\x90\x4c\xd0\x87\x39\x54"
	"\xd9\x46\x7e\x04\x81\x44\x02\x48\x80\xb9\x20\x67\xfe\x0e\x2e\xfe"
	"\x14\x6e\x5a\x92\xec\x73\x38\xa8\xaf\x8c\x82\x74\x1c\xbb\x2d\x77"
	"\xeb\xd1\x3a\x77\xf9\xed\x58\x55\x90\x75\x98\x20\xf1\xb3\x5a\x28"
	"\x88\xc0\x16\x1e\xbb\x4d\xeb\x0b\x9b\xb6\x81\x26\x6b\xbe\x5e\x0f"
	"\x5d\x7d\x56\x64\x1a\xe0\xc4\x34\x62\x38\x75\xa8\x3c\x67\xe1\xa6"
	"\x9d\x7b\xad\x45\xc9\xe2\xed\xf0\x0e\x27\x06\x0f\x83\x2d\xba\x2c"
	"\x5a\x6d\xd0\x29\xa9\x5b\x76\xc1\xd7\xcb\xca\xa7\xf3\xfd\xc3\x69"
	"\x72\xf7\xf2\x36\x90\x66\xb7\x7a\x8a\x92\x18\x22\xbf\x5d\x1f\xbe"
	"\x2a\x1b\x9a\x5e\x25\x69\x2c\xe5\xbe\x81\x0c\x9d\x67\x34\x12\x42"
	"\xac\x49\xb8\x36\xdf\xe3\xb5\xe5\x04\xb2\x2c\x0f\xd4\xd4\xc1\x89"
	"\x20\xff\x04\x2a\xa7\xa3\x8d\xa2\xea\x0c\xa9\x7e\x09\xba\xcc\x52"
	"\x7f\xc8\x1c\xa2\x48\xe7\xfd\x46\x5e\x69\x65\xb0\x1f\xba\x53\xde"
	"\xf3\x80\x41\x78\xe9\x56\xe8\xae\xaa\x68\x3f\x8d\x94\x42\x5f\xac"
	"\x21\x31\x2f\xc9\xf8\x10\xb9\x5b\x46\x82\xfd\x25\x82\x81\x41\xa8"
	"\x34\xb1\x98\x27\x3a\xab\x78\xb2\x61\xed\x78\x9c\xf0\x1e\x35\x2f"
	"\x3c\x98\x1b\xfd\x76\xac\x8b\xd0\x6b\xae\xa0\x7b\xe5\xea\x91\x34"
	"\x13\x43\x94\x7d\xdc\x24\xf6\xee\x91\x82\x58\x8d\x49\xab\x89\x8a"
	"\x2f\x9d\x17\x40\x49\x62\x7a\xd8\x49\x99\x51\x5e\x32\xa6\x54\xba"
	"\x21\x69\x86\x27\x20\x7e\x3b\x09\x48\x06\x89\xe1\xbf\xb4\xf2\x17"
	"\x03\xad\x8e\x3d\x51\xb1\xa0\x1f\xa6\x21\xd6\xa2\x3d\xf0\x15\xa6"
	"\x1a\x44\xf0\xe1\x18\x97\x20\x68\x20\x2e\x42\x8a\xcd\x17\xaf\xe4"
	"\xfa\x63\x86\x30\x73\x71\xc3\x40\x51\x12\x2a\xdd\x96\x22\xb7\x8f"
	"\x70\x35\x59\xcd\xb1\xe1\xd4\xd9\xba\x0a\x24\xe8\x90\xcd\x4b\x02"
	"\x42\xfa\xd1\xd3\xd3\xf9\xed\x34\x21\xcf\xf7\x93\xfd\xc3\xfd\xf9"
	"\xa5\x1d\x17\x84\xa9\x43\x44\x33\xbb\x0d\x11\x87\x23\x04\xde\x1e"
	"\x45\x5e\xdb\xe8\x75\xc5\xde\x48\x1d\xd0\x2f\x5a\xfa\x47\x2d\xa9"
	"\xc8\xc7\x30\x0d\x31\xa7\xc4\xa5\x78\x03\x71\x16\x61\xd8\x4d\x9a"
	"\x08\x98\x0e\xf8\x2d\xd3\x1c\x25\x94\x6c\x2f\x61\xc5\xea\x4c\x2a"
	"\x2d\x6d\xd9\xcd\x97\xa7\x4e\x41\x15\x61\xae\x5f\x9c\x14\x6a\xc8"
	"\xe3\x63\xfd\x0d\x4c\x7c\x99\x9a\xc2\x09\x90\x4a\x84\xd6\xe9\xb1"
	"\xaa\x03\x13\x71\x85\x14\x07\x63\x5e\x88\x6c\xf8\xc4\x01\x21\x08"
	"\x4b\xb1\xc5\xe2\x39\x82\x38\x5e\x26\x7d\x25\x8d\x28\x4e\xfb\x3d"
	"\xda\x40\xd0\xb4\xae\x6c\xff\x7f\x08\x60\x47\xb2\x21\x36\xc0\x0e"
	"\xfc\x0c\xfb\xae\xc2\xd5\x7e\x74\xbe\x9f\xc4\x31\xfd\x5d\xc0\xcd"
	"\x7c\x1d\x51\xcb\xf4\xf0\x88\xc1\xb1\x07\xa2\x08\xe4\xc3\xc9\xdc"
	"\xab\x2d\x85\xe7\x48\x3c\xed\x26\x25\x60\xc8\xf3\xb8\x1b\x0b\xa9"
	"\xb5\x8e\x9c\x9e\xef\x1e\x1e\x1f\x4f\x6f\x3f\xaf\xe1\xe1\x3e\x7e"
	"\x3c\xab\x9f\xff\x54\xc8\xe7\xf7\x17\xf8\xe5\xc1\xbb\x53\x7f\xbd"
	"\x3e\xfc\x73\xf2\xf5\xed\xe5\xf9\xe3\xfc\x7c\xff\xfe\x6b\x77\x3b"
	"\x85\xc5\x3f\xdf\xeb\x58\x84\x82\x45\x6a\xae\x74\x37\x1e\x22\x25"
	"\xa1\xdb\x66\x93\x26\x3f\xee\x1f\x5e\x26\xf7\xe7\xbb\x97\x7b\xfd"
	"\xae\xd7\xb7\x97\xbb\xf3\x3b\xbc\x4e\x7b\xd5\x3d\x3d\xfc\xdd\xf2"
	"\x49\xcf\x03\x71\x81\x36\x65\x9a\xed\x48\x29\xd4\x70\x32\x5e\x60"
	"\xd2\xcf\xcf\x66\x69\x3d\x9a\x55\x7f\x5b\x91\x3b\x35\x31\x7c\x3c"
	"\xbd\x7f\xef\x16\x56\xf5\x3c\x3c\xa9\x66\xff\xfb\xfc\x74\x7e\xfe"
	"\x98\x40\xdc\xbc\x0b\x59\xf7\xee\xf7\x0a\xa4\xc4\xe8\xf5\x4d\x75"
	"\x0d\xbe\x9c\x1a\x20\xd3\x31\xec\xfb\xf9\xf1\xf5\xfc\x66\x22\x44"
	"\x35\x00\x93\x1f\xef\x4a\x58\xd4\xe3\xef\x2f\x77\xe5\x5d\xd5\xd6"
	"\x6a\xb0\xba\x83\x20\x8b\xc4\x88\xee\x79\x2d\x84\xf0\x70\x59\x3b"
	"\x8a\x75\x9b\x26\x03\xb2\xf4\x56\x8e\x85\xb8\x38\xa2\x44\x57\x51"
	"\x5d\x94\xba\x5a\x2e\x17\xc3\xc4\x58\x7a\xce\x11\xa9\xf6\x48\x3d"
	"\xc7\x5b\x62\x34\xc8\x26\x88\xd1\xa6\x28\x2d\xa6\xd3\xa9\x58\x3a"
	"\xbe\xa1\x26\xbe\x7f\x28\x59\x39\xbd\xdd\x4f\x7e\x79\x3f\x7d\xa8"
	"\xc1\x78\xf8\x38\xff\x7a\x15\xf2\xcb\x48\x99\xd0\x3b\x1d\xcc\xe8"
	"\x3f\x27\x6a\xc6\xaa\x81\xfd\x80\xc8\xd3\x03\x0f\xa9\x75\xe6\x37"
	"\x61\xaf\x17\x20\x52\xcd\x37\xac\x1e\x63\xcd\x22\xc2\x75\xbc\x32"
	"\x64\xe8\xa2\xb6\xc9\x96\x99\xd8\x75\x10\x97\xf7\xd0\xba\xdd\x03"
	"\xcd\x20\x90\xf8\xf0\x97\x44\xad\x49\xdf\x27\x44\x49\xd7\xc3\xdd"
	"\xe9\xf9\xf7\x9d\x52\x9d\x4f\xcf\x6a\xfd\xbb\xb4\xed\x77\xaa\xfb"
	"\x1d\xc8\xfd\x40\x1d\x5c\x04\xf6\xbe\x5c\x51\x26\x53\xfe\xe3\x93"
	"\x8f\x06\x0f\xdf\x1e\x3e\x4e\x8f\x6d\xa6\xab\x29\xf1\xf8\x73\x52"
	"\xad\x56\xbf\x67\x51\x74\x99\x36\x8c\x36\xc1\xa0\x9a\x79\x3b\xf9"
	"\xaa\x26\xb6\x1e\x91\x06\x24\x5f\x5e\x1e\xdf\x21\xda\x94\x42\x9c"
	"\x1f\x5f\x5e\x27\xcf\xe7\xff\xc1\x99\x1f\x14\x71\x7c\x3b\xc4\xda"
	"\xcd\xdb\xe9\xf5\x3b\x58\x68\xf4\x4e\x19\xfb\x0d\x31\x03\x78\xd5"
	"\x05\x5a\xf5\xdb\x64\x85\xf8\xe2\xce\x0d\x8b\x9f\xdd\x46\x44\x9d"
	"\x98\x08\x24\xc8\x59\x92\xb6\xcd\xbb\xb4\x72\xf0\xe5\x1f\x4f\xef"
	"\x4f\xbf\x9d\xee\xdf\xce\xcf\x2f\xbf\x7d\xfc\xef\x3f\x7a\xd5\x94"
	"\x3c\x8d\xe3\xa2\xa5\x03\xb4\x0d\x88\xd4\x1f\x90\x3d\x93\x97\x81"
	"\x30\x22\xc2\x41\x79\x90\xa9\x15\xfc\xd8\x04\xe8\x1d\xda\xd8\x15"
	"\x88\x46\x9c\x25\x55\x3c\x61\x91\x99\xf9\xc3\x80\xbc\x53\x1b\x57"
	"\x15\x99\xb6\x5b\x7b\xa8\xcf\x07\x76\x03\x2a\xc0\xe9\x48\x10\x70"
	"\x78\x19\xdc\xbc\xcc\xe6\xaa\x73\x4e\x3b\xcc\x6d\xbd\xb4\x43\x2c"
	"\x8e\xce\x8a\x6a\xbc\xa1\x8a\x42\xbc\x70\x90\x6c\x78\x0d\x44\xf0"
	"\x08\x0b\x27\xd2\x40\x92\x63\xa6\xd7\xb9\xd5\xf2\x88\xe2\xb6\x81"
	"\x3a\x58\xa3\x54\x75\xf8\x50\x63\xc1\x81\x95\xb7\x28\x48\x6d\xf6"
	"\xcc\xc2\x31\x12\x07\x4a\xa4\x86\xec\xcd\x26\xbf\x54\x5b\x2d\x7d"
	"\xc9\x9a\x2d\xf6\x57\x88\xe4\xf8\xf5\xe1\xdb\x8f\xb7\x13\xd8\xf3"
	"\x74\x79\x93\xa4\xc5\x9e\x91\x02\x7d\xd7\x7e\x83\xc5\xf6\x57\xc4"
	"\x22\x88\xf0\x46\x22\xf1\xf8\x34\x13\x36\x64\xe3\x21\x97\x78\x5a"
	"\xe6\x78\x9e\x17\xa2\xbc\x51\xc2\x83\x62\x6e\x8e\xf8\xbb\xd7\x29"
	"\xdd\x0a\x44\x8a\x3a\xc1\xd7\xea\x22\xb8\x74\xe0\x10\x09\x53\x89"
	"\xe3\x66\xc3\x11\xab\xd5\x06\xbc\x0d\x20\x9e\x79\x40\xb3\x51\x94"
	"\x15\x10\x98\x11\xfc\xfa\x54\xf0\x47\x86\xc6\x0c\x35\x38\x0e\xb2"
	"\x99\xb5\x76\x05\x98\x8e\xb4\x8f\x66\xc8\xfb\xe1\xa0\x71\x58\x9b"
	"\x33\x1d\xca\x90\x43\x47\x4d\xcd\x05\x35\x0b\x75\xfe\xb2\x66\xc2"
	"\x06\x0f\xef\xaf\x8f\xa7\x9f\x93\x4c\xe9\x40\x8f\xbd\x39\x5a\xe7"
	"\x79\xd3\x7a\x0b\xda\xea\x0a\xf4\x47\xc0\xcb\x48\x3a\x0b\x27\x66"
	"\x0e\x9a\x6b\xb8\x55\x67\x95\x31\xb0\x8c\x82\x15\x16\x4d\xe4\x0a"
	"\x8e\x14\x6e\x33\x9d\x21\x97\xd5\x57\x9c\xfa\x9f\x88\x34\x51\xe7"
	"\xf6\xfd\xfe\xe8\x3a\xa1\xe3\x4f\x93\x4f\xb7\x44\xcc\xd9\x92\x90"
	"\x51\xb4\x5a\x96\xb3\x32\xba\x71\x1d\x37\x77\xc5\x11\xf9\xbc\xdf"
	"\xc3\x0b\x67\xea\x4b\x37\x62\x8e\x8b\x8c\xed\x3a\xe7\xc1\x86\x75"
	"\x47\x85\xab\xad\xf0\xed\xeb\xe9\xee\x3c\x59\xbf\x3d\xdc\x7f\x3b"
	"\xf7\x06\xa8\xba\x21\xe3\x47\xf5\xcb\x71\x81\x45\x7c\xd2\xcb\x74"
	"\xa1\xce\xd6\xb0\xfd\x05\x84\xa2\x20\x58\x48\x33\x99\xf8\xd3\xb9"
	"\x8d\x0d\xb0\x0e\x96\x99\x58\xce\x11\x83\x40\x2d\x78\x9c\xaf\x1c"
	"\x0f\x6f\x8e\x3a\xa1\x6c\xf9\x9a\x54\x9f\x6f\x17\xf3\x05\xc2\x95"
	"\x08\x82\x19\xad\xe6\xae\xdb\x9d\x6b\x3a\x06\x79\xb0\x5f\xcc\x5c"
	"\x7c\x00\x48\x4e\xb3\x0d\xbe\x54\x6d\xb9\x9a\xca\x3b\x75\x76\xb3"
	"\x6c\x82\x3a\x2d\x41\x6f\x49\x0f\xdf\xd4\x01\x60\xf2\xd7\x8f\xaf"
	"\x5f\x21\x0c\x6f\x37\xcd\x4d\x68\xe4\x67\x68\x76\x4f\xbd\x97\x0e"
	"\xf4\x32\x5c\x97\x34\x0e\xc0\x59\xf7\x3a\x49\x43\x48\x5d\x28\x79"
	"\x68\x44\x2e\x52\x85\x01\x62\x93\xa1\x48\x3a\x16\xd2\x9e\x09\x62"
	"\xbd\x77\x82\x97\xa9\x7f\x21\x8f\xa2\x5c\x1d\x0f\x6d\x18\x9a\x66"
	"\xb7\xaa\xd9\xc4\x86\xe1\x31\xd9\xb0\x75\xc4\xad\x15\xe5\x4a\xdd"
	"\xc8\xf8\x91\x45\xe0\xb2\x52\xae\x6f\x07\xf3\xa6\x28\x9c\xb8\x15"
	"\x97\x86\x19\xac\x00\x42\xd3\x9a\x1e\xe1\xd2\x84\x0e\xab\xc2\x34"
	"\x67\x7c\x03\x99\xa2\xd4\xe9\x23\xb1\xbc\x31\x35\x5d\x0b\xa0\x58"
	"\xcd\x12\x08\x91\x8a\xf4\x29\x26\x60\xca\x87\x44\x26\x87\x91\x20"
	"\x74\x87\xc7\xd4\x86\x0a\x20\x8e\x46\xa5\x9c\xa1\x95\x48\x1e\xe9"
	"\x5e\xc9\xce\x9e\xd7\x17\xbf\xef\x4d\x4e\x81\x81\xcb\x48\x18\x01"
	"\xbd\x67\x63\xaf\xc9\x62\x0f\x23\x91\x3c\xa6\x98\xc6\x04\xf5\xde"
	"\xae\x59\xee\x61\xcb\x3c\x3c\xaf\xf4\x36\xc5\x79\x94\x0b\x3c\x16"
	"\x12\x25\xa6\x19\xa4\xd4\xcb\x71\x26\x0b\x37\xd0\x46\xa3\x18\x3d"
	"\xd9\xf3\x80\xa3\xb2\x9b\xf3\x3d\x4a\xe3\x8b\xa9\x83\x0f\xbd\xcc"
	"\x53\xf4\x9d\x16\xf5\x10\xf8\x21\x6f\x5d\xc4\xbf\xac\xa2\xa2\x5d"
	"\xf5\x51\x0a\xd9\x63\x0e\xfe\x40\xe5\x28\xf7\x12\x96\xaa\x69\xc3"
	"\xd1\xc5\x64\x77\x9b\xa7\x18\xcd\x0f\x42\x94\x03\xfb\x34\x0d\xd2"
	"\xd4\x45\xc9\x52\x6d\x19\x68\x6f\xa4\xda\x00\x19\x2e\x2f\x24\xdf"
	"\xe1\x52\x8c\x56\x4a\x95\x18\x63\x61\xce\x81\x47\xb1\xa0\x05\xde"
	"\x1f\x4c\x91\x06\x31\x59\xc7\xe5\xe6\x28\xa7\x33\xc7\x19\x5e\x5c"
	"\x6a\x43\x95\xce\xda\x12\x33\x25\x41\x49\x1a\xa3\x2d\x8a\xd7\x8a"
	"\x47\xb8\x5c\xc7\x48\x34\x0c\x58\x77\x72\x75\x62\x13\x5b\xc6\x70"
	"\x16\x16\x69\xb9\x73\x57\xce\x11\x17\x19\x54\xcf\xd3\xaa\xef\x1a"
	"\x9d\x35\x42\xa8\xf9\x88\x58\xe6\x6a\x3e\x2f\xdc\xa1\x9b\xf8\xcb"
	"\x5a\x09\x5f\x3d\xfb\xb1\x85\xa0\x90\xaa\xc3\xad\x68\x9c\x41\x9e"
	"\x5a\x76\xd9\x8a\x16\x4d\x43\xc7\xf1\xa6\x9e\x44\x9c\x0f\x35\x26"
	"\x16\xde\xd2\xdf\x84\x88\xb5\x8a\x86\xc8\xbd\x3f\x73\x6e\xf6\x28"
	"\x40\xad\x64\x2b\x0f\x51\x66\x1a\xba\x8f\x98\x46\x03\x5d\x06\xa9"
	"\x37\x8d\x51\xf2\x7e\xb3\xf1\xa6\xbe\x47\xa6\x28\xc2\x1a\x9d\x56"
	"\xb3\x6e\xce\xe6\x7e\x8c\xb7\xc0\xa2\x65\x03\x59\x69\xc0\xfe\x7c"
	"\x15\x6e\x90\xa3\x78\xcd\xc7\x99\xe3\xee\x42\x0b\xab\x21\x17\xf2"
	"\x6c\x61\x1d\x66\x63\x34\x7f\xf6\xe9\xb5\x03\x55\x7b\xd6\x5c\x89"
	"\x98\x31\x47\x0b\x51\x25\x26\x3e\x60\xf9\x79\xaf\x48\x12\x64\xcb"
	"\xe5\xdc\xf9\x0c\x6a\x31\x86\x8a\x62\x7f\xee\x23\x41\x68\x3a\xa8"
	"\xd5\x18\x28\x5b\xce\x66\xc7\x11\x10\x6a\xa0\xd5\xaa\x67\x3f\xf3"
	"\x9c\x45\x94\x8d\xc0\xd6\xc1\xdc\x45\x66\xad\x52\x82\xd4\x31\x77"
	"\x50\x59\x83\x13\x74\x73\x50\xa1\x2f\xcf\xef\x2f\x8f\x4a\xfb\xa8"
	"\x0f\x2c\x95\x16\xd2\xbf\x89\xab\x2e\xef\x7a\x79\x1c\x8d\x62\xf5"
	"\x33\x2a\xe2\x44\x7c\x59\x3a\xc3\xf4\x3c\x3d\x88\x2f\xde\xac\xb5"
	"\xb4\xe4\x24\x56\x87\xde\x30\x64\xf9\x50\xf2\xbb\x46\x36\xd3\x8d"
	"\x91\xf9\x13\xfe\x86\xf0\x38\xc5\x51\xe9\x62\xc9\x30\x2b\x5b\x18"
	"\xc5\x09\x77\x8e\x54\x5b\x43\x68\x54\x48\xcf\x9b\x5e\xfb\xb5\x8b"
	"\x48\x26\x5a\xfd\x14\x69\x91\x18\xe9\x19\x75\x41\x99\x0a\x81\x65"
	"\xbc\x15\x49\x3b\x41\x41\x12\x54\xf9\xd6\xcc\xa2\x8c\xc6\xbd\x82"
	"\x92\x45\x41\xbf\x90\x33\xba\x9a\x2d\xcd\xf2\xed\x21\x68\x27\xce"
	"\x84\xa2\x9c\x1c\x62\xa5\x38\x99\x85\x90\x3d\x4c\x7f\xc5\x4a\xc3"
	"\xb0\xce\x32\xd9\xa2\xfe\x41\xda\x11\xe7\x9a\x92\x26\x23\x70\x27"
	"\x35\x44\x02\x76\xf5\x37\x05\x64\x0e\x41\x02\x63\x24\x60\x75\x70"
	"\x84\x94\xe1\x88\xf5\x4e\xd3\xa3\x0e\xbd\x43\x6d\x98\x65\x3c\xb6"
	"\xcd\x75\x31\xf2\x98\xf9\xc5\xdf\xec\x12\x5c\x17\x2b\x55\x22\x10"
	"\x5f\x7c\xaf\x5d\x5e\xef\x58\x65\x1a\x05\xa6\xc9\x85\x6e\x47\x9e"
	"\xd2\x32\xec\xd4\xb4\x07\x17\x0f\xc1\x34\x31\x14\xdd\x16\x5e\xa9"
	"\x68\x42\x3f\xdd\x54\x34\x6e\x6d\x6b\x10\x81\xd3\x28\x26\xcd\x22"
	"\x1f\x12\xd3\x8e\x81\xa6\xa3\x20\xb1\x26\x07\x66\x45\xb0\xb8\x70"
	"\x9d\x9d\xdb\xc5\xb4\xfb\xd3\xb7\x6e\xd0\xc5\x30\xf9\xd1\x6a\x09"
	"\x24\x19\xc1\x85\x48\x66\x64\x8f\x37\xba\x4e\xe4\xe9\xce\x67\x58"
	"\xf4\x03\xa8\x23\x2b\xd0\x98\x05\x5a\xce\xfa\x99\x3e\xb6\xc1\x6f"
	"\xfa\xaa\xb7\x65\x0c\x01\x82\x07\xd1\x84\xd5\xe9\x15\x0c\x5c\x94"
	"\x92\xf5\x27\xfb\x32\x9f\x1a\x62\xd4\x15\x9d\x2a\xc7\xa3\x59\xa0"
	"\xd4\xb7\xa0\x93\xc1\xb8\x26\x14\xc4\xb5\x34\x53\xc7\x13\x25\x9c"
	"\xdc\x58\x11\xf3\x90\x63\xa9\x7a\x6a\xc4\x96\x87\x84\xe2\x90\x35"
	"\x0d\xd0\xe3\x60\x53\x45\x96\x06\x63\xf4\xad\x1d\x21\xd3\x84\xe1"
	"\xf9\x9a\x6b\xd0\x9e\xa8\xd1\x3d\x22\xb2\x76\xe1\x24\xb8\x23\x9b"
	"\x4c\x16\x6d\xf3\xa3\xba\xe0\xb2\xfa\xf5\xd6\xb1\x54\x27\xc1\x2b"
	"\x09\xc5\x85\xb0\xf2\x54\x55\x48\xcb\x4c\xbe\xa4\x59\xe3\x5e\xdf"
	"\x04\x42\xbc\xd0\xfa\x2b\x3d\x7c\x3b\x0b\xdf\xce\xe7\xf7\xbb\x93"
	"\xda\x6d\x69\x56\x5c\x3f\x9c\xbf\x3c\x3d\xbd\x3c\xb7\xa0\x2f\xaf"
	"\xf0\x45\xe1\x7d\xe0\x91\x7f\x19\xb6\x0d\x75\x27\x20\xd3\x12\x11"
	"\x39\xde\xc6\x06\x24\x08\x1f\xc7\x88\x4f\x60\xb2\x00\xc9\x24\xd6"
	"\x46\xb1\xb1\xd7\xf1\xf8\x08\x03\xd9\xb1\x7d\x19\x80\x6d\xac\xf4"
	"\x1b\xcc\xd5\xb8\x01\x1c\x65\x98\x6d\x48\x77\x78\xba\x6f\x81\xeb"
	"\xc8\xcb\x4c\xae\xd9\x1c\x30\x3a\x18\x36\xb4\x91\x1e\xba\x5a\x94"
	"\x15\xca\xf6\x7e\x12\x90\xc2\x5d\x58\x26\x78\x03\x5a\x38\x58\x98"
	"\x96\x06\xb4\x9b\xba\x58\x00\xa8\x2b\x64\x36\x1b\x85\xcc\x5d\x7f"
	"\x14\x32\x1d\x6b\xcb\xcc\x47\x6c\xe2\x2f\x90\x88\xce\xb0\xfb\x82"
	"\x06\xb3\x96\xa5\xa0\xa9\x15\x42\x85\x3f\x8b\x7c\xef\x13\x18\x7f"
	"\x04\x33\xf5\xa2\x99\x8b\x7a\xd8\x98\x38\xef\x13\x98\xf9\x38\x66"
	"\x31\xde\x26\x2c\x46\x52\x0b\xb2\x70\xc6\x21\x9f\xeb\x98\x82\xa1"
	"\x59\xd9\x5a\xb0\xe3\x71\xf9\x99\xea\x7c\xc4\xdf\xe1\x0a\x99\xf9"
	"\x91\xef\x58\xe6\x9d\xfe\xe4\xa7\xe7\xd0\xd0\xfa\xcc\xc4\xd2\xc7"
	"\x62\x3a\xd5\x90\x8d\x8c\xe7\x23\x73\x8b\x27\x49\x0a\x69\x1f\x1d"
	"\xdf\x3e\x60\x4a\x49\x5c\x2d\x67\x23\x13\x4c\x83\xe6\xf6\xf1\x50"
	"\x0a\xac\x3b\x5f\xba\xa3\x98\xc5\xea\x38\xca\xe5\x06\x37\x36\x6a"
	"\x0a\xe7\xab\x97\x92\xcf\x54\x58\x01\x3f\x51\xe3\xcc\xf5\xfe\xfe"
	"\x4c\x85\x1a\x37\x56\x5f\x2e\x67\x73\x77\x3e\x0a\xf1\xdd\x51\xc8"
	"\x62\x31\xfa\x32\xb1\x91\xd1\xcc\xa6\xce\x68\x10\xcf\xc3\x5a\x97"
	"\x18\x5f\xc6\xc7\x77\x3d\x21\x62\x6f\xee\x78\xe3\x6d\xab\x71\x63"
	"\x8c\x55\xb8\xe9\x6c\xbe\xb0\x63\x24\xc1\xd2\xe7\xb4\x21\xb3\x11"
	"\x46\x48\x75\xda\x20\xc2\x8a\x91\x44\x78\xb3\x91\x65\x51\x61\x50"
	"\x17\xdd\x36\x66\xe1\x1e\xc7\x31\x9e\xbd\xcd\x32\x24\xab\xe5\xc2"
	"\xbe\xfe\xc8\x68\xef\x7b\x0e\xe1\xd4\xf3\x47\xb9\xdd\xc6\x8e\x8d"
	"\xe0\x05\xeb\xbb\xc7\xe3\x27\x91\x23\x38\xe1\x13\xcf\x5b\x30\x2b"
	"\xe8\x10\x2f\x67\xae\x33\x0a\x19\xd9\x72\x01\xb2\x1c\xad\x05\x8b"
	"\x25\xd3\x86\x8c\x2c\xcd\x00\xf1\xc7\x6b\xf1\x17\xa3\x90\xe9\x78"
	"\x2d\xb3\xf1\x1e\xcd\x46\xf9\xb2\x58\x8c\xd7\xb2\x98\x8f\x41\x96"
	"\xce\x74\x54\xda\x6a\xd8\x98\xa0\x81\xc7\xaf\x33\xda\xec\xd5\xdc"
	"\x19\x87\x78\xa3\x90\xc5\x74\x1c\x32\x3a\xe2\xab\xa5\x5d\x9d\x49"
	"\x48\xb1\x5c\x8e\x08\xb1\x3a\xfa\x43\xa8\x6e\x32\xa2\x81\x1e\x96"
	"\xcb\xd5\x7c\x7c\x8d\xb0\xcd\x50\xfd\xbd\x44\xdf\x0c\x8d\x61\x04"
	"\x2d\x2c\x38\x7d\x19\x98\xe5\x3c\xee\x1b\x37\x6e\x79\xd0\xbf\x4d"
	"\xdd\x72\xe3\x32\x51\xfd\x79\xcd\xf1\x23\x73\x96\x6c\xe4\x70\xc0"
	"\x1a\x05\xcc\xc9\x61\x40\x9f\x2a\xb6\x6d\x2f\x25\xa8\xef\x7a\x13"
	"\x5f\x9d\x44\x21\x56\xd5\xe9\x51\x37\x67\xe0\x4c\x03\x4f\x90\xa9"
	"\x64\x14\x7d\xaf\x3a\xee\xe4\x83\x6e\x0a\x9a\x96\x55\x76\xd1\xe6"
	"\x03\x50\xc8\x73\xbc\xc2\x02\xae\x54\x50\xf2\x9a\x45\x3b\x9e\x20"
	"\x2f\x5c\x33\x99\x66\x65\x18\x76\xdf\x49\xb7\x2c\x47\x92\x39\x55"
	"\x64\xae\xfe\xb2\xd0\xd3\x5c\x1d\x5b\xf1\x26\x67\x79\x1a\xf0\x1d"
	"\xbb\x15\x78\x0d\xda\x5c\x1a\x27\x67\x9e\xeb\x7a\x38\xb9\xf2\x37"
	"\x40\xe9\x6a\xf4\x37\x69\x92\x63\x51\x12\x01\xc2\x62\x51\x86\x21"
	"\xc2\x36\x70\x2a\x48\xe3\x2e\xd3\x58\x94\xe2\xd5\xfd\xa9\xba\x8b"
	"\x52\x37\x2c\x5e\x73\x64\x52\x68\x7a\x88\x7c\xf3\x02\xe2\x36\x05"
	"\xf7\x0e\xfc\x59\x39\x5f\xfa\xf8\x50\xa8\x66\xc9\xb4\xb0\xc8\xeb"
	"\xee\x16\x67\x52\x41\xc1\xe8\x8a\xa2\xf4\x03\x89\x30\xc7\x7e\xdd"
	"\xb4\xdb\x1c\x37\xbe\x05\x00\x87\xf4\xda\x28\x55\x1e\x78\xb2\x25"
	"\x89\xa5\x6b\x09\x24\xbb\x95\x96\x17\x44\x14\x4f\x4b\xa6\xe9\x2c"
	"\xb0\xd0\xd0\x1c\x40\x9a\xac\x38\xd3\x5d\x08\x5a\x64\x6d\x78\x10"
	"\xa7\x45\xfb\xeb\x88\x2e\xe7\x10\x6f\x2d\x0d\x65\x57\xba\xe2\x34"
	"\x51\x0b\x1b\xbb\xc5\xea\x2b\x22\xc9\xf5\x48\x9a\xf5\x25\x10\x9c"
	"\x2b\x09\xd2\x6e\x75\x89\xcc\xf9\x06\x6d\x7c\x9a\xdb\x44\x2a\x23"
	"\x09\x04\x49\x8c\x52\x8b\xc8\x66\x2c\x51\xbd\x43\xec\x18\x2a\x80"
	"\x24\xd1\x2d\x92\x6a\x53\x03\xd4\x1a\xd3\xb1\xbc\x69\x53\x23\x02"
	"\x0e\xa2\x09\xa7\xa2\xdb\x35\xd8\x40\x08\x5e\x6f\x9e\x52\x4a\xf0"
	"\x76\xa9\x85\xcb\xd6\xf7\xda\x4a\x12\x69\x95\x50\xab\x62\xfb\x6b"
	"\x57\x72\x3b\xb0\xb8\x8a\x8c\x31\xb0\x74\xb3\xbc\x44\x32\x12\xdb"
	"\xa8\x2c\x82\xab\x7b\x86\xaf\x70\xaa\x8d\x90\x32\x08\x67\x02\x62"
	"\xfc\xab\xa7\x65\xce\x58\x42\x84\x65\xf9\x15\x31\xc9\xe5\x1f\xe9"
	"\xad\xf5\x15\x92\x5b\x66\x87\x5a\x16\x04\xb3\x4c\x2e\xb9\x55\x33"
	"\x37\xb6\x90\xf3\x42\xc8\x98\x80\x4d\xb4\x65\xf5\xc1\xee\x34\x35"
	"\x95\xf3\x38\x95\xf8\xea\x72\xe4\x4a\x80\x51\xea\x9f\x2c\x4f\xad"
	"\xbd\xff\xf3\x36\x50\x3b\xbd\x65\xe9\xa9\xa2\x87\x96\xdb\x62\x8d"
	"\xef\xec\x51\x86\xbf\xe0\x66\x9f\x0f\xa6\xed\x1c\x54\x94\xaa\x0f"
	"\x17\x3d\x65\x29\x43\x92\x41\xd5\xf0\x8e\xdb\xc5\xc5\xb1\xc1\x7c"
	"\xc5\x35\x0c\xa0\x47\xe1\xa9\x21\xb5\x4a\xd5\x97\x6e\x29\x2f\xc1"
	"\x94\x4f\x69\x81\x95\x35\xe2\x75\xa2\xb4\xfc\x84\xcd\xc2\x2a\x3e"
	"\xba\x59\x46\x72\xba\x2d\xb7\x44\x94\x5b\x1a\x18\x94\x0e\x2c\x49"
	"\xd4\xfa\x43\x59\x99\xb0\xc3\xc5\x81\x74\x30\x0f\x1a\x70\xad\xfe"
	"\x58\x60\x72\xac\xf1\x75\x01\x0b\x45\x2e\x8c\x15\x59\x93\x51\xdf"
	"\x68\x03\x96\xca\x8d\x8d\x56\x1e\xb6\x6a\xc1\x89\x38\xe2\x90\xd0"
	"\xa0\xd6\x91\xb6\x56\x10\x12\x95\x18\x40\xaa\xfd\x4a\x80\x05\xd9"
	"\x06\x92\x89\xa9\x02\xf4\x1b\x11\x80\xb1\xc8\xf3\x40\x3b\x68\xee"
	"\xaf\x49\x38\x2c\x63\x2f\xef\x1f\x60\xf2\x50\xe7\xb8\x9f\x04\x7d"
	"\x4d\x58\x3f\x3f\x5f\x1c\x1d\x07\xc6\x09\x91\x89\x23\xc8\x44\x77"
	"\x18\xab\xd2\x8c\xf2\xa1\xd2\xda\x00\xc8\x24\xb1\x6b\x35\xc6\xfb"
	"\x75\x79\x0e\x16\xc1\x8a\x67\xa5\x94\x48\x2b\x34\x4c\x4a\x10\x14"
	"\xa1\x14\xdf\x60\xa0\xf2\xaa\x35\xfd\xca\x3b\x76\x68\x03\x6d\x6a"
	"\x37\xd9\x1c\xd4\x63\xe1\xb9\xce\x36\xeb\xb2\xc7\x00\x41\x6e\x50"
	"\x77\x7e\x1c\xc5\xf8\x73\xcf\x8a\x09\x95\x08\xa9\xb7\x59\x31\x90"
	"\x7b\x06\x82\x8b\xe2\xc3\x95\x0e\x0e\x57\x7a\xe9\x69\x77\xc8\xd2"
	"\x31\x1e\x14\x35\x00\x6d\x93\x88\x96\xae\x6b\x45\xe4\x4b\x32\x9f"
	"\xcf\x56\x0b\x2b\x08\xda\xa0\x9d\xb1\xbb\x59\x72\xcd\xd6\x64\xc1"
	"\xc2\x73\x8e\x83\x12\x5f\x59\xb7\x4f\xe8\xe3\xe9\xfd\x7d\xe8\xe0"
	"\xa7\x57\x1c\x1a\xa3\x75\x6b\x4b\x06\x64\xaf\xd2\xf3\x2d\xc0\x9f"
	"\x95\x66\x24\xcd\x2a\x1b\x9f\xda\xba\xfe\x35\xd1\x2c\x92\x69\x0e"
	"\xe6\xaf\xf7\xe7\x57\xf0\x16\x04\xdf\x5c\x41\x05\x9f\xfc\xf5\xe3"
	"\x63\xb2\x8e\x76\xb0\xf4\x95\x22\x98\x3c\x9d\x7e\x36\x5f\x4a\x4f"
	"\x8f\xef\x2f\x93\xbf\xce\x93\xe7\xf3\xf9\xfe\x7c\xff\x5f\xaa\xd2"
	"\xb3\x51\xd3\xf6\xfc\xf8\xaa\xbf\x9a\x3e\x41\xc8\x92\x87\xe7\xaf"
	"\x2f\xe6\xb2\x58\xe3\xba\x83\x59\x17\x5b\xac\x32\xda\x28\x38\xb3"
	"\x62\x7a\x96\x51\x1b\x91\x24\x24\xeb\x51\x5c\xa8\x94\x16\x6c\xbb"
	"\x6f\xe3\xb8\x08\x30\xdf\xae\x36\x4c\xfd\x4e\xe4\x28\x4a\x04\x41"
	"\x8e\x64\xb0\xe8\xc2\x90\x50\x5b\x6d\xd8\x1f\x45\x9c\x89\x6d\x3a"
	"\xfe\x5a\x12\x91\x22\x20\xa3\xb0\x34\x61\xf8\xd1\xae\x0d\xdc\x91"
	"\x3c\x1e\xaf\xae\x71\xe2\x57\x03\x42\xc7\xc7\x83\x25\x8a\x89\xeb"
	"\xb9\x37\xc3\x79\x5d\x10\x31\x38\xd7\xf8\xd3\xe9\xdb\xc3\xf3\xb7"
	"\x96\x9f\xbb\xb9\x4e\x05\x74\x69\x19\x41\x7d\x80\xb2\x48\x16\xcf"
	"\xf0\x38\x8b\xfa\x79\xbd\x60\x04\x39\x45\x16\xc1\xe0\x40\xfd\x9e"
	"\x26\xa0\xca\xd4\x39\xdc\xb2\x85\x6b\xc4\x86\x04\x1b\x26\x2d\xf5"
	"\x96\x01\xc4\xf4\xcb\xd3\x6b\x90\xf4\xec\xf1\xf4\xa1\xa6\xe2\xd3"
	"\x64\xf3\xf8\xe3\x5c\xef\xb3\x4d\xd4\x86\x8e\xb2\x02\xcf\xf7\x96"
	"\x60\x5d\x9a\x86\x3d\x97\xfb\x0b\xad\xe3\x70\x58\x97\x7b\x68\x47"
	"\x20\x37\x28\x0f\x4c\x7f\x98\xce\x66\xb4\x98\x3b\xe6\x8b\xea\xc2"
	"\xfe\xd6\x71\x21\x28\xd6\x35\xdd\xee\xed\x6d\x00\xa8\x38\xa7\x21"
	"\xd6\x7d\x10\xb0\x17\x1e\x0e\x0a\x57\xa6\x13\xdb\x06\xe7\x47\xe0"
	"\xe4\x4f\x93\x85\x59\xa7\x79\x99\xda\xb9\xd2\x88\xd3\xd6\x91\x4e"
	"\x47\x9f\xaa\x68\xd9\xf6\xb6\x19\x25\xa8\x18\x46\x04\xdb\x19\x2a"
	"\x3b\xab\xc1\xf6\x98\xaa\x28\xf2\x3c\x8b\xf9\x1c\x1f\x12\x45\x45"
	"\x92\x98\xea\x5d\x29\x28\x24\x62\x1b\x52\x35\x6d\x2f\xd8\xc6\xa2"
	"\x50\x6e\x52\x89\x5e\x91\x68\x84\x65\xdf\x6d\x96\x0c\x7a\xbb\xa0"
	"\x48\xf8\xf5\x0a\xa6\x73\x2e\xe0\x23\x1b\xe8\x8b\x12\x5c\xbb\x91"
	"\x01\x2f\x59\x44\x70\x75\x56\xdf\xa1\xda\xfc\x9a\x35\x2b\xb8\x50"
	"\x3f\xf6\x1b\x7c\x29\x8c\xf0\xae\xca\x9c\xa8\xc3\xc6\x9e\xaf\x73"
	"\x34\xd3\x89\xee\x4a\x7a\x20\x79\xce\x2d\x08\xd0\x53\x50\x9d\x52"
	"\xa8\x49\xa0\x15\x99\x90\x1f\x65\x91\x0f\xcc\x17\xb0\x67\x0e\x0f"
	"\x68\xed\xb7\xea\x21\x5c\x18\xd8\x9f\x9a\x9d\x47\x5c\xd6\xb6\x42"
	"\x1d\x78\xd4\x2f\xfe\xcc\xf1\x47\x41\xd3\xb9\x69\x05\xd0\xe6\x24"
	"\x4f\x76\xa5\x1a\x0c\x88\xcc\xc1\xfa\x47\x2b\xba\x25\xa9\xe8\xdc"
	"\x98\x5e\xa7\xf0\xf7\x9f\xef\x0f\x77\xa7\xc7\x49\x74\xfa\xa9\xe6"
	"\x72\x2f\xf7\x83\x9e\x9e\xdb\xdb\x9e\xc2\x0d\x67\x2d\xb2\x63\x90"
	"\x76\x65\x28\xe7\x7a\x5a\x4d\xec\x23\x65\x7c\xdf\x7d\x56\xa7\x46"
	"\xdd\x63\x99\xda\x2e\x5a\x38\x62\x41\xa1\x63\x21\xe8\xbd\x45\xc4"
	"\xd6\xe3\xa0\x06\x2e\x8f\xee\x1c\xda\x8f\xef\x9b\x51\x36\xe8\x99"
	"\xdd\xac\x7b\x55\x7b\x12\x19\x9a\xab\x99\x0e\xd1\x24\x54\xc5\xe5"
	"\x4d\x9c\x99\x91\x9b\x6e\x06\x58\xa6\x7d\xb0\x45\x4d\xc0\x77\xcb"
	"\x7e\x8f\xda\x6c\xd3\xcb\x76\x8f\x99\xd5\x62\x6e\xd7\x13\xdb\x20"
	"\xf0\x87\x64\xe2\x93\x50\x61\x6d\x8b\x1e\x44\xb8\xff\x3f\x7c\x99"
	"\x39\xce\x00\xbd\xd1\x5f\x20\xf4\x54\x65\x51\x2f\xbe\x78\x2d\xd9"
	"\x3b\xbf\x3d\xbc\x7e\x3f\xbf\x29\xe9\xbb\x9e\x7f\xbb\xcb\x75\x73"
	"\xda\x2a\x10\x3f\x55\xfd\xba\xdc\x4a\x6e\x8e\x35\xf8\x81\xe2\x48"
	"\xbc\x05\x3e\x93\xe3\xbd\xb5\x7a\x20\xfb\x96\xa3\x20\xbc\x1b\x5f"
	"\x04\xd6\x01\xb5\xd6\x4e\xe2\x60\x36\xf3\xe7\x36\x88\x52\x4d\x3d"
	"\x6f\xe1\xd9\xe9\x4b\x5c\xcb\xdb\xa4\xbb\x02\x5f\xc6\x36\x9e\x23"
	"\xc7\xc4\xa5\x1f\xee\xcd\x5c\x81\x78\x95\x8d\x03\xf3\x34\xd3\x8a"
	"\x92\xf6\xca\xc0\xcf\xcb\x11\x5f\x83\xd9\x6c\x2a\xb8\xec\xa8\x5e"
	"\x45\xc9\x60\xcb\x33\x0b\xc3\x32\xa1\x9d\x9b\x8d\x3c\x51\x9b\x56"
	"\x17\x15\x83\xef\xd0\xf5\x10\x66\xd0\xc2\x1e\xba\x20\xd4\xeb\x95"
	"\xed\x69\xaf\x52\xc3\xdf\xa1\x2a\x33\x3e\x86\xd6\x30\x99\x75\x8b"
	"\xb2\x7e\x51\x65\x0c\x24\xf2\xde\x5b\x08\xed\x15\x05\x9c\x6c\xba"
	"\x65\xd4\x08\xa7\x58\x97\xd1\x7e\x6b\x36\xa2\xd7\xe6\x9b\x40\x88"
	"\xee\x1d\x22\xfc\x6a\x3a\x19\xb4\xcb\x07\xb4\xb3\x61\x9c\xed\x7c"
	"\x7f\x01\xa5\x6b\x76\x44\xc4\xe1\x82\xa9\x86\x79\xf8\x79\xf6\x99"
	"\x97\x28\x10\x04\x39\x13\x4c\x8e\x63\x6f\xa8\x16\xa2\x71\xe0\x27"
	"\x61\x8c\xc5\x63\xfd\xeb\x08\xe8\x70\x3d\x61\x19\x81\xbf\xe4\x58"
	"\x5d\x7d\x91\x6e\x91\x7a\xd2\xd8\xa2\x65\x16\x5a\x4f\x0c\xdb\xb4"
	"\x61\xd9\xbd\x20\x0a\xb6\x67\x89\xb4\x74\x4b\x4d\x38\x77\xbc\x57"
	"\xfd\x69\xd9\xee\x57\x6f\x32\xb6\x88\xbd\x59\xd9\xae\x75\x4f\x2d"
	"\x2d\x1b\xb8\x84\x1a\x06\xf6\xe7\x64\x8b\xd8\x9f\x9c\x6d\x22\xb5"
	"\xb4\xae\x37\x5d\x5b\xb4\x7a\xde\x62\x4d\xe7\x19\xb5\x5d\x7a\x97"
	"\xe8\xd7\xcc\x46\x61\x2a\x51\xe5\xed\x30\x14\x5d\x36\x8e\xcd\x44"
	"\x2f\x31\xb5\xe8\x2b\x40\xcd\x58\x0e\x0c\x4e\x43\xd8\x56\x86\xf4"
	"\xa1\xec\x90\x0b\x76\xa3\x0e\x6b\x71\x4b\xb2\xea\xc2\xcb\xe9\xdc"
	"\xa8\x32\x87\xf4\x6f\x95\x0e\x82\xbe\x96\xc5\x6b\x16\x04\x8a\x01"
	"\xa2\x93\x55\xa9\xdd\x34\xa2\xce\x26\x29\x7c\x72\x0a\x94\x5a\xc8"
	"\xdb\xd1\x10\x15\x95\x46\xbb\x0d\x91\x97\x0b\x87\x2a\x0e\x64\x15"
	"\x0a\x92\x42\x88\xb9\xa0\x97\x5a\x4d\x3d\xb4\x06\x25\xda\xac\x47"
	"\x17\x35\x5e\x63\x57\xf7\xb0\x2b\x69\xad\x3f\xc7\x0c\x3d\x14\x30"
	"\xd5\xc5\x9c\x41\x5e\x1f\x48\x38\x60\x98\x30\xc3\x64\x2c\x08\x16"
	"\x3f\x56\x55\xd1\x3d\x2f\x19\x44\xc5\x58\x08\xf0\xc5\xb4\xe7\x9a"
	"\xfe\xee\xda\x0f\x3d\xd9\xea\xf0\x27\xbe\x6b\x40\xad\x24\x8f\xd5"
	"\x0f\x8e\xb0\x5b\x04\x5b\xf3\x6b\xc1\xa5\xb0\xeb\x2a\xd5\xa7\x47"
	"\x32\x8c\x87\x1f\x4d\xd5\xca\x94\x13\x81\x9c\x71\x4d\x9c\x5c\xb9"
	"\x23\xa8\x10\x7e\x0e\x5a\x94\x5f\x31\xd5\xcd\xd0\x50\x71\xd9\x49"
	"\x48\xa8\x87\x81\x87\x10\x66\x09\x7f\x2f\x96\xb3\x03\x44\x70\xbd"
	"\xc0\x32\xb9\x28\xea\x5e\x87\xa2\x8e\x91\x74\x52\x7a\x66\x1e\xf0"
	"\x87\x8b\xb5\xef\xe0\x75\x17\x62\x4b\x2d\xc4\x60\xcb\xe7\xea\x44"
	"\x85\xf1\x89\xde\x94\x03\x43\xdd\x84\xf4\x41\x73\x3e\x29\x4c\x2c"
	"\x87\x8e\xa0\xac\xe2\x32\xd8\xc7\x95\x69\x26\x79\x0c\x2e\x72\x46"
	"\x64\xec\x58\x48\x3e\x7c\x7a\x65\x07\xfd\xf1\xaf\x15\x34\x00\x3e"
	"\x05\x6a\x3f\x73\xc3\xe7\xf7\x52\x5a\x86\x10\x2e\xaf\x37\x1d\xc0"
	"\xe2\x65\xe0\x16\x4a\x3f\xb7\xa6\xf1\x1c\x73\x24\xb8\x02\x66\x16"
	"\x80\x4e\x62\xe3\x58\xe9\x98\xc7\x8c\xa6\x67\x94\xac\x66\xfe\x50"
	"\x08\x05\x4d\x86\x63\x7a\xaf\xb7\x3a\x4b\xd3\xd4\xf2\x4e\xc8\xd8"
	"\xe8\x8e\xd0\x7d\x3b\x7d\xee\xd9\xe8\x4b\x2c\xfb\x55\x43\xc7\x3c"
	"\x21\xae\x7d\x46\x9c\xe1\x2f\x80\xb9\x6f\x01\x04\x4a\x23\xf1\xa6"
	"\xc2\x41\x6c\x4a\xab\x4a\x90\xa0\x02\x9a\x78\x89\x79\x6f\x19\xfa"
	"\x40\x1d\xd7\x6c\x5c\x90\xfe\x6c\x65\xe1\xa2\xa4\x04\x52\x3c\x58"
	"\x00\x11\x9d\xad\x30\x3b\xf1\x8b\x70\xcd\xfe\xc6\xe9\x5c\xf8\x6e"
	"\x18\xf9\xee\xea\x38\x8a\xe9\x84\x1e\xe9\xcc\x0c\xfd\x71\xec\xaf"
	"\xc7\x87\xe7\xff\xfe\xc5\xfd\x55\x5f\x0b\xe4\x9b\xf5\xa4\xb6\x15"
	"\xfb\xf1\x0c\x31\x1f\x07\xec\x44\x27\xbf\x5c\x0d\x5b\x7e\xed\xcf"
	"\x2d\xb8\x11\xb3\x0c\x81\xce\x4c\x9b\x73\xd4\x22\x4d\x83\xaa\x7c"
	"\x66\xd8\xec\xe8\x66\xe9\xbd\x14\xf6\x97\x82\x61\x44\xb9\xf7\x3a"
	"\xeb\x8b\xa6\x41\x98\x89\x5e\xbd\x3a\x15\x04\xdc\x9a\x8d\xd7\xbd"
	"\x25\x6a\xad\xa3\x62\xb8\x69\xcd\x8d\x2a\x9a\xee\xa2\x0f\x1d\x1c"
	"\x39\xf9\xf6\xf0\xed\x9b\xa1\xc7\xb4\x6d\x25\xfa\x2f\x6f\x8c\x28"
	"\x7a\xae\xf2\xc3\xb0\x34\x61\xe8\xa7\x3b\x03\xb8\x65\x4a\x99\x59"
	"\x33\xf2\x09\xa8\x3d\x82\x96\x01\xa5\x59\x31\x0e\x42\xe3\x65\x18"
	"\xa8\xc6\xe8\xc5\x94\x23\xcd\xc7\x87\xd7\x0f\x08\xbb\xfb\x3e\xf9"
	"\xa8\x98\x79\x15\xf7\xe4\xfc\xf1\xf5\xe1\xf1\x03\x42\x9c\xea\x70"
	"\x9e\x93\x5f\x80\xe7\x1f\xa7\xb7\x6f\xe7\x8f\xbe\xac\x5f\x78\xab"
	"\xf4\x52\xc1\xb1\x60\x47\x66\x07\xf1\x48\xf7\x06\x2e\x23\x09\x62"
	"\x8f\xaa\xce\x7c\x0c\x12\x10\xff\x1f\x69\x57\xfb\xdb\x36\x8e\xf4"
	"\xff\x95\xa0\xc0\x02\x77\xc0\x15\xab\x17\xcb\x96\x3f\x14\x78\x68"
	"\x49\xb6\x55\xeb\x2d\xa2\x64\x3b\xfd\x22\x64\x13\x6d\x6b\x6c\x12"
	"\xe7\x1c\x67\x6f\x7b\x7f\xfd\xc3\x21\x25\x5b\xa4\x38\x52\x16\x57"
	"\x2c\xba\x35\x67\x44\x51\xe4\x70\x38\x24\x67\x7e\xc3\xec\x73\x04"
	"\x64\x2a\x64\x7f\x27\x6c\xe5\x4e\x74\xe7\x39\x01\x53\xa2\xba\x94"
	"\x1a\x81\x82\x23\xd8\x02\xa2\x17\x1e\x1c\xff\x74\x12\x8e\x14\xde"
	"\x65\x35\xee\x14\xad\x3d\x66\x2e\xdc\xe9\x0b\x5b\x7c\x98\x4f\xa7"
	"\xf3\x83\xf1\xa9\xcb\xc0\x88\x45\xba\xf6\xe4\xa7\x9a\x42\xe5\xa9"
	"\x2b\x44\x7b\xa1\xd9\xc2\x08\x48\xf3\x82\x7d\x41\x0b\xb0\xd8\x99"
	"\x20\xf0\x04\x1c\x23\x43\xcd\x4b\xa5\x89\xbc\x1c\xc0\x1b\x34\xc5"
	"\x0a\xda\x45\xb7\xbc\x2a\xc3\x80\x83\xee\xea\x51\xe4\xa1\x89\xf9"
	"\xb6\x67\xd2\x5f\x1c\xcf\xa0\xa5\x1a\xe3\xa4\x7d\x8e\x2c\x16\xce"
	"\xb7\x00\x01\x0a\xbb\x32\xed\x5d\x04\xfa\xa9\x65\xf1\x29\x0a\xe2"
	"\xd4\x65\x41\x02\x3d\x3a\x2c\x53\x2c\x55\x57\xc3\xb2\xbe\x8b\x5d"
	"\x67\x3a\xdc\x5e\xb6\x73\x99\xce\xb1\x94\x52\x0d\x4f\x4e\x1d\xcf"
	"\x1e\x79\x57\x48\x23\xd3\x42\x12\x81\xca\x3c\xd6\x70\x45\x7b\xc6"
	"\xe2\x0c\x72\x64\xde\x12\x0d\x9f\x92\x78\x8c\xe9\x07\x98\x3e\xc2"
	"\xe3\x8e\xf4\xe1\xc4\x2c\xdc\xe1\x2e\x5c\xdc\xda\xd6\x66\x90\x83"
	"\x32\xd3\x75\x8e\xc0\x1b\xb5\x3c\xcb\xd8\x36\xed\x91\xb1\x62\xe2"
	"\x67\x8e\xb2\x38\x48\xdc\x6b\xb7\x16\x6b\x78\x14\x82\xd8\x36\xac"
	"\x61\x29\xce\x21\x79\x98\xdd\x87\x5b\x60\x7b\xb5\x91\xa9\x06\x3d"
	"\x3a\x1f\xef\xf4\xf9\x64\x7c\xa2\x59\xe3\x2c\xce\x28\xcb\xc4\x1e"
	"\x67\x19\x9f\xd1\x73\x63\x7c\x2a\x22\xb1\xb7\x97\x2e\x9d\x63\x18"
	"\x05\xd7\xa1\x9b\x8c\x8f\xee\xd4\x34\x3f\x30\xe5\x27\xee\x07\x54"
	"\x87\x35\x36\x7d\x2c\x73\x64\xae\xc6\x5e\x36\x9b\x3b\xc8\x2a\xa7"
	"\x81\x7c\x00\xf9\x81\xbc\x17\x1f\x50\xd9\x3e\xb5\x2d\xfb\x23\x2d"
	"\x1c\x13\x64\x26\x47\x73\xd9\x6d\x45\xf6\x9f\x19\x6d\x87\x69\xb9"
	"\xd3\x31\x01\xc1\x50\x76\xbb\x2c\xce\xa8\x24\x4e\x5d\xa7\x5a\x92"
	"\x38\x8c\xee\xc6\x38\x67\x93\xb1\xc9\x61\x4d\x8c\xe1\x29\x46\x8b"
	"\x8d\x39\x2b\xc8\x88\xa0\x4c\xdc\x62\xe4\xeb\x81\xc5\x76\x46\x59"
	"\x9c\xf9\x30\x0b\x8d\xa7\xd6\xc8\x47\x2d\x6e\x27\xee\x88\xd0\xe6"
	"\x99\xe3\x8d\xcc\x32\x10\x88\xe1\x19\xf4\xed\x2e\xb9\x8d\xfb\x29"
	"\x71\x8e\x2f\x9f\xc1\x9a\x1e\x91\x97\x2c\x32\x46\xf4\x3c\x70\x0c"
	"\x37\x31\x8b\x5d\x05\xba\x55\x61\x50\x37\x6c\x97\x31\x4d\xb6\x54"
	"\x1b\x20\x29\x92\xb4\x8c\xb5\xbd\x13\x7d\x50\x84\x08\x04\x67\xa0"
	"\xa0\xf5\xb4\x3e\x06\x31\xb9\xba\xd2\x5f\x21\xa2\x2f\xa5\x88\x85"
	"\xc9\x18\xfa\xf8\xd0\x90\xce\x2c\x48\x56\x12\xe2\x33\x94\x5d\x52"
	"\xdb\xae\x49\x92\x04\x11\x95\xa9\xa9\x14\x4e\x43\x62\x38\x68\x8b"
	"\x0c\x24\xe1\x01\x07\xd0\xf1\x11\xdf\x46\xb8\x0b\x89\xc0\xb7\x88"
	"\x20\x69\x15\x62\x66\xeb\x40\xaa\x5d\xbd\x2c\x66\x91\x6d\x1b\x15"
	"\x56\x79\x93\x4e\x93\xa2\x0c\xe2\xfa\x79\x8c\x2c\x64\x74\xf8\x2d"
	"\x0b\x12\x0f\x33\xac\xe1\x1b\xab\x78\x15\x17\x23\x3c\x9a\x01\xe7"
	"\xc4\x15\x24\xe8\x88\xa5\x0c\x66\xdd\xf2\x81\x9b\x11\x7f\x07\x0c"
	"\xde\x10\x4d\x8b\x1f\x06\x8d\xf1\x9e\x0e\xf5\xcb\x59\x92\x60\x42"
	"\xef\x12\xaf\x2a\xf0\x6e\x63\xe5\xda\xcd\x03\x2b\x5f\x94\xcb\x7e"
	"\x94\x07\xaf\x0f\xbc\x4b\xa4\x3b\x87\x1d\x2f\xd7\xef\x22\xcb\xbd"
	"\xc6\x8d\xac\xbd\x4a\x92\x4f\x1f\x4b\x00\xc4\x40\xc0\x2e\x80\x96"
	"\xc1\x64\x5c\x05\x49\x98\xdf\xa2\x3c\x3e\xe4\x19\x1b\xe1\x21\x08"
	"\xe4\x06\xd0\x68\x90\x7b\x29\xb2\x23\xe2\x6d\xf0\xc2\x36\xc4\x19"
	"\xe5\x49\x82\x62\x8f\x57\x90\x97\x48\xa0\x2d\x50\xe3\x25\x53\xf7"
	"\xfa\x9e\x12\xfe\x48\x6b\x92\x07\xf0\x8d\x52\x46\xbf\x25\x72\x4e"
	"\x01\x9a\x01\x4d\x93\xb6\x3d\x9c\xce\x90\x65\xab\xaf\xf7\xe0\x31"
	"\xf1\xa9\x68\xad\xd0\x1c\x25\x41\x7a\x13\x28\xf4\x70\x3a\xbe\x1d"
	"\x7f\x3f\xdf\xac\x7f\xbe\xd6\xa7\xcf\xdb\x9b\xef\xef\xf5\xdb\x59"
	"\x17\xfd\xb4\x65\x5d\x2d\x74\x20\x9e\xcb\x50\x93\x30\x23\xcb\x43"
	"\x1a\x5b\x70\x4d\xa9\xcf\x9c\x96\x42\x20\x34\xb2\x8c\x44\xae\x39"
	"\xb7\x4a\x8c\x88\x61\xb7\xe7\xee\xcc\xc4\x9e\x72\x4d\xd7\x0d\xb0"
	"\x1a\xa9\xa3\xec\x1f\xc5\xbe\x9c\x75\xdb\xdb\xb9\xf1\xd8\xbe\x74"
	"\xbe\x48\xf9\xf2\xf0\x50\x3f\xd5\xa7\xe3\x73\xad\x26\x94\x23\x6c"
	"\x12\x99\x53\x0b\x59\xc3\x5b\xaa\x3d\x48\x9d\x0f\x51\x65\x90\x5f"
	"\xd1\x9a\x97\xfb\xa7\xe3\x77\x9e\x66\xa9\xc9\xdf\xf4\x70\x7c\x61"
	"\xcd\xed\xb7\x6d\x36\x45\x00\x80\x19\x69\x86\xec\x23\x19\xc9\x35"
	"\xd1\xa7\x4c\xc4\x9b\x8a\x91\x14\x2f\xa7\x6e\x53\xdb\x76\xfe\x76"
	"\xf8\xfc\x78\x38\xd5\x0f\x67\x9e\xb7\x0d\x69\x74\x31\xb3\xe5\xf7"
	"\x37\xe9\xe4\x5e\xef\x1f\x58\x25\x2f\x0f\xf5\x87\xbe\xdc\x74\xd0"
	"\xcf\x33\x1d\xf4\x1b\x66\x93\xfe\x9b\x7d\xde\xe2\x4b\xae\x2c\xfa"
	"\xf3\xe5\xfc\xa3\x7e\x3b\x28\x2f\x9c\xbb\x36\x56\x2b\x23\x4d\x34"
	"\xb5\x8a\xea\xbe\xff\x64\xf3\xf2\xe1\xf8\x5a\xb7\x99\x01\xfb\xd2"
	"\xa5\x64\xd8\x16\x61\x33\xf5\xf9\x3f\xc7\xd3\x1f\xbc\x83\x7f\xfe"
	"\xb7\x3e\xfd\xeb\x26\x7c\x7e\xad\x1f\x79\xf7\x78\x48\x9f\x38\x73"
	"\xbb\xbf\x45\x8e\x0e\xdf\x7f\x9c\x75\xef\x16\x86\x15\x5c\x24\x44"
	"\xd6\xdc\x30\x11\xa0\x0f\x89\x09\xb9\x51\x2b\x18\x11\x3b\xd8\x00"
	"\xda\x5f\xb3\xbf\xfa\x82\xc3\x64\xe4\xcf\xfa\xa6\x7e\xa9\x4f\xdf"
	"\x7f\xde\xf0\x79\x07\xf3\x32\xf4\xe4\x4f\x0a\x66\x18\x8a\x8b\xa0"
	"\x4d\x06\x68\xee\x00\x6d\x8e\xd2\x5c\xa7\x3f\x96\x79\xfd\x76\x7c"
	"\x82\xeb\x94\x0f\x08\xa6\x45\xe7\x98\x60\x5a\x6c\xeb\x66\x0c\x11"
	"\xcd\xbe\x1c\xb4\xb7\x01\x37\x9f\x6f\x44\x2e\xbd\xa7\xe3\x4b\xad"
	"\xa4\x8c\xa0\x31\x86\x86\xc3\x88\xfb\x55\xdf\x68\xa1\xaf\xf5\xfd"
	"\x1f\xef\xaf\xf0\x0d\x1c\x0b\xfa\xed\xb5\xae\x1f\x7e\x48\xc2\x91"
	"\x05\x64\x53\x66\xf8\xca\x20\xb2\x04\xf6\xf2\x24\xcb\xb0\x6e\xd7"
	"\xa4\xca\x03\x86\x17\xe4\x06\xde\xfb\x4c\x4b\xce\x35\xda\xe5\xf1"
	"\x74\x3c\x3c\x5e\xad\x20\xc2\xd3\x9d\x4a\x76\x75\xe2\xe7\x29\x07"
	"\x31\xd8\xf1\x5c\xc5\xf9\x5d\xb5\x09\x21\x19\xb3\xbe\x9b\x1b\xee"
	"\xad\x7e\xd3\xc0\x03\xa5\xab\x65\x40\xc0\x63\xbd\x62\x56\x7d\xc7"
	"\xa4\x0f\x79\x74\xef\xd5\x26\x4f\x13\xdc\xa1\x03\x88\x3d\x2c\xdc"
	"\x0e\x4d\x09\x65\x11\x30\xb3\x8d\x0f\x2f\xe4\x5c\x99\x6c\xd8\x9e"
	"\xa2\x4c\x36\x08\x40\x57\x33\x02\x8b\x14\x83\xa7\x89\x8a\xa0\x5a"
	"\xf9\xf1\x0c\xcb\x30\x1f\x25\x88\x3f\x9e\xbf\x42\xac\xc9\x15\xeb"
	"\x96\x6c\x45\x20\x69\x0d\xb6\xfa\xc7\xec\xc3\xbc\x68\x53\xed\xa3"
	"\x04\xf0\xb5\x37\xbb\x6f\x39\x9a\x8c\xa4\x58\x16\xe8\x36\x08\x9c"
	"\x6d\x10\x0f\xa8\x5d\x18\x79\xa6\x61\x18\x3d\x1f\x22\x0d\x07\xe6"
	"\xc5\x81\xc5\x3e\x6d\xe8\x0c\x3b\xed\x5c\xe5\xc1\x9d\xd2\x24\x39"
	"\xdf\x2d\x61\x0b\x06\xd3\xf2\x37\x5e\xe4\xdf\xec\x20\xba\xe3\xf9"
	"\xf8\xf8\xfe\x54\x5f\xe5\xf6\xd6\x63\xd3\x20\xf2\x2b\x20\x76\xb3"
	"\x15\x5e\x4b\x1b\x8f\xac\xe0\xcb\xa7\xc7\xfa\xf7\xfb\xf7\xa7\x73"
	"\xe7\x42\x64\x95\x46\xfe\x32\xa4\xfa\xf0\x38\x6f\x9d\x33\xcb\xeb"
	"\x12\xb8\x3a\xd0\xca\x73\x27\x2b\xef\xcd\xa1\x4d\xca\xfb\x06\xf7"
	"\xbf\xbf\x1f\x1e\x9a\x20\x36\x9d\x59\x1a\x66\xba\x0d\x97\xe4\x23"
	"\xc7\x58\xa4\x58\x33\xf6\xbb\xda\xf9\x61\x55\x26\xe1\x32\x0c\x38"
	"\xd6\xb6\xee\xf8\x20\x66\x82\xd8\x7b\x16\x7c\x46\xf5\xaf\xe4\x8e"
	"\x9f\x40\x93\x5e\x5c\x95\x1d\x47\x31\x2a\x67\x07\x82\x8d\x6d\x8b"
	"\xf9\xcd\xb6\x9f\xfa\xad\x63\x97\x29\xf1\x33\x60\x94\xda\x93\x81"
	"\x45\xae\x83\x7c\xe7\x97\xb9\x5e\x1a\x26\x5e\x10\x45\x4a\xe8\x55"
	"\x1e\x6c\x65\x18\x03\x7e\xc7\x2c\x82\xf5\x0b\x25\x95\x53\xd7\x63"
	"\x9d\x74\x11\xe2\x83\x20\xce\x94\xcc\xe9\x62\x3f\xcb\xf6\x59\x55"
	"\x17\x90\x05\xb6\x28\xc1\xbe\x68\x33\x22\x5e\x09\x6c\x22\xc2\x6d"
	"\x56\x94\xa6\x4c\x9d\x77\x00\x57\xc8\x36\xe0\xb3\x35\xcb\x83\x8c"
	"\x74\xeb\xbf\xce\xe4\x6b\xc6\x00\x8e\x57\xec\x3d\x1d\x1f\xfe\x10"
	"\xa9\x8c\xc0\x32\xe9\x0a\x48\x67\xf6\xc3\x8e\x87\x40\x32\xa4\x31"
	"\x35\x41\x43\xc7\x76\xcc\x0f\x70\x99\x93\x0f\x30\x21\x38\x6e\x1d"
	"\x26\xcf\xf7\x82\x19\x62\x2d\x2b\x6c\x73\xe4\xbe\xa2\xcb\x46\x01"
	"\x3b\xbb\x42\xa0\xa4\x81\xe3\x36\xcd\x43\x1d\x7c\x7a\x57\x53\xc2"
	"\x7e\xb6\x2b\x22\x1d\x5a\xb2\xcf\xc6\xda\x80\x39\xc2\x74\x59\xf6"
	"\x64\x94\x25\xf4\xb4\x6e\x4a\x42\xce\xfc\x6e\x2a\xc2\xce\x53\xb7"
	"\x0a\xaa\x14\xc9\x6e\xab\x95\xe7\x55\xae\xe1\x22\x26\x19\x64\x40"
	"\x8f\x87\x38\xc2\xa6\x8a\x89\x61\xce\x07\x19\x5c\x63\xba\x47\x19"
	"\xa2\x21\x06\xee\xea\x01\x0c\x53\xc4\x8d\xe9\xc2\x80\x5d\x9e\x5c"
	"\x19\x06\x6a\x88\x06\x19\x7c\x51\xc3\x7c\x6a\x3a\x28\x43\x34\xc8"
	"\x00\x49\x29\xe3\xb1\x46\x88\x56\x22\x37\xbf\x9d\x2a\x06\x38\x44"
	"\x15\xf3\xe9\x58\x15\x73\x5d\xb2\x8d\xb6\x02\xea\xc7\xee\xc4\x91"
	"\x35\x15\x4f\xf6\x8e\xd0\x3c\x12\x23\x14\xd0\x6d\x1a\x92\xc7\x3d"
	"\x73\xb9\xce\xf5\xc3\xad\x52\x19\x13\xd5\x3c\x8b\xd7\x2a\xb7\x97"
	"\x95\x55\x2a\x79\x8d\x72\x27\xa0\x12\x6b\x13\xab\x86\xa4\x59\x13"
	"\x8e\xd6\x1b\x4a\xea\xef\xb3\x34\xcd\x99\xed\x11\x51\x74\x48\xaf"
	"\x2f\xfe\x10\x3b\x37\x98\x07\xea\xee\xce\xd2\xd8\xa7\x94\x19\x00"
	"\x11\xa2\x4a\xb0\xc0\x20\x91\xdc\x54\x3c\xaa\x43\x89\xda\x31\x1b"
	"\x2a\x69\xdc\xa7\xc5\xc1\x7d\x9b\xb9\x8e\xbe\x1e\x5e\xf8\x6a\xa0"
	"\x03\x16\xbc\x3c\xd6\x43\x6a\x6f\x57\xf1\x00\xe0\x8c\xaa\x0b\x9b"
	"\xb0\x86\x45\x1d\xbc\x56\x7a\x7c\x3f\x49\x96\xc8\x55\xad\xd2\xdc"
	"\x13\x07\xeb\x72\x11\x33\x9e\x16\x9d\x35\x8c\x88\x5c\x92\x6b\x35"
	"\x05\x8b\x5c\x0e\x59\x58\x01\x7c\xb1\xbb\xe2\x2a\x1c\x5b\xaf\x68"
	"\xdc\x71\x50\x96\x34\x8d\xaa\x5d\x9a\x6f\x48\xde\x64\x8c\xe9\x9e"
	"\xe8\xe7\x39\xdb\x4a\x30\x76\xc3\x70\x1d\xd7\x51\x83\x16\x45\x05"
	"\x51\x40\xf4\xaa\x1e\x5e\x24\x58\x68\xe6\x22\x97\x67\x22\x61\x41"
	"\x86\x24\x74\xa4\x6d\x23\xbd\x78\x84\x21\x2e\x4a\x6b\x98\xa3\x40"
	"\x72\x08\x07\x97\x46\x16\x5a\x97\x71\x12\x46\x8b\x74\x2f\xad\x15"
	"\x90\x37\x77\x5d\x22\x77\x15\xc2\x8c\x1d\x60\xb0\x2d\xa3\x8a\x17"
	"\x48\x56\x3f\x80\xea\xc8\x09\x4e\x6f\x9a\x83\x6f\xdd\x16\xcc\xf8"
	"\xcc\x7c\xaf\x57\x43\x3b\xdf\x8a\x90\x2b\x14\x4e\x57\x42\x53\xbb"
	"\xb1\xaa\x3c\x95\xb8\x9c\x61\x46\x14\x5d\x1d\xb3\x44\x26\x74\x38"
	"\x00\x61\xc6\x37\x27\xde\x64\xf7\xdf\x6b\xee\xb8\xd6\x07\x4e\x10"
	"\x4f\xc3\xe1\xf0\xaa\x20\x8b\x2e\x40\x82\x4a\xa9\xa2\x8c\x04\xf2"
	"\x56\x55\xc3\xc0\xac\xc7\x68\x39\xb0\x81\x55\x1e\x61\x63\xb6\x9d"
	"\x51\xed\x76\x56\xe1\x5c\x12\x39\x48\x5a\xcb\xf0\x37\xdf\xce\x1f"
	"\x61\x73\x9c\xd9\xac\x45\xb4\x18\x68\xc5\xb6\xb3\x33\x48\x97\x6a"
	"\x42\x77\xc1\x25\xee\x87\x3a\xb2\x48\x05\x93\x24\x9f\x50\x56\x6d"
	"\x6d\x4c\xe3\x46\xe4\xdb\x1d\x93\xa5\x2c\x53\xce\xc8\x9b\x37\xe8"
	"\x9d\xd7\xea\xe7\xe3\xb9\x7e\x3d\x1d\x1f\xb4\x39\x26\x20\xf4\x23"
	"\xf5\xd9\x6c\xca\xc1\x59\xad\xff\xf4\xeb\xf3\x5b\xef\xd8\x1a\x4e"
	"\x31\xfe\x41\x7f\xbe\x9d\xeb\xe7\x9b\x94\x59\xe8\x3f\x0e\xaf\xff"
	"\xbc\x6e\xe8\x7c\x99\x79\x71\x3a\xde\x3f\xb2\x8d\x20\x4f\x3c\xa2"
	"\x69\x01\xff\x30\xb6\x3e\x41\xba\xb7\x32\xce\xf0\x1b\xb8\xbc\x4c"
	"\xaa\xdb\x32\x28\x03\x38\x89\x28\x28\xce\xb8\xa2\x8b\x10\xed\xc1"
	"\xc8\xf3\x7a\xd7\x74\x62\xed\xe5\x34\xec\x39\xc6\x32\x9d\x19\xed"
	"\xe3\x5d\xca\xad\x47\xa7\x86\xa3\xaf\x18\x0a\x2b\x12\x6b\x3d\x8e"
	"\xaf\x0c\x10\x19\x05\x20\x6e\xcf\x6a\xb3\x62\x6d\x24\x21\xbf\x16"
	"\x12\x57\x29\x6c\x7f\xe5\x81\x43\xaf\xac\x11\x5a\x22\x4f\x0d\x1c"
	"\xca\xe9\xad\x38\x3d\xc3\x17\xe6\xc8\x52\xc9\x52\x8b\xe4\xb8\x4c"
	"\x1a\x14\x65\x56\x51\x9a\x8b\x57\x71\x85\x9c\x96\xc8\xd0\x40\xed"
	"\x3c\xf9\x30\x3e\x7a\xdc\xe6\x49\xc5\x11\xd8\x4a\xb3\x5f\x95\xad"
	"\xc4\x88\xf8\x21\x77\x7c\xfe\x7b\xdc\x41\x8e\xe4\xe1\xf1\xf7\x7c"
	"\x2b\x8b\x05\xd2\x81\x0a\x16\xc9\x96\xd9\xc6\x8f\x4d\x35\xbd\x17"
	"\x2c\xef\xa6\xa0\xf4\x15\x21\xd9\x91\xc2\x5b\xfb\xe9\x4a\x38\x88"
	"\xcb\xc3\xbc\x83\xf2\x30\x0b\xab\x20\x01\xad\x83\xed\xf7\xb3\x05"
	"\x55\x2a\x6d\xce\x1d\x61\xd6\x28\xf5\x72\xb3\x95\x47\xfb\x47\x24"
	"\xaf\xca\x04\x41\x74\x10\xb5\x84\x49\x08\x55\x74\x64\xa8\x29\xe1"
	"\x31\x61\x01\xe0\xa0\x06\xf4\x0b\xdb\x77\xca\xf5\xb3\xe5\x88\x49"
	"\x28\xda\x07\x80\x22\x40\x3d\x12\x09\x4d\xa5\x52\x5a\x93\x4c\xb2"
	"\x91\x85\x88\x05\x1e\x1c\x82\x8a\x53\x49\x85\x16\x90\x3c\xba\xab"
	"\x72\xd6\xf3\xa9\x62\x43\x53\xe5\x78\x56\x94\xf9\xd8\xfe\x00\x42"
	"\x09\x7a\x56\xd1\x37\xae\x7d\x87\x1e\x81\xe3\x8c\x0c\x9c\xce\xf9"
	"\x14\x0b\x94\x69\x27\x58\xa0\x25\x55\x42\x8a\x90\x2d\x1a\xfb\xac"
	"\x0b\xd7\xd8\xe1\x61\x83\xdd\xa7\xb1\x5d\x46\xef\xb3\x32\xa6\x15"
	"\xcb\x22\xec\xfa\x78\x14\x39\xf1\xc0\x8f\x7b\xd3\x79\xfc\x62\x1e"
	"\x48\x2b\x3f\x94\x82\xcf\x33\x6b\x50\xd6\xeb\xaf\xcc\x52\x20\x2e"
	"\x98\xdc\x57\xcc\x96\x2c\xc0\x0f\x9e\xb7\xb2\xdf\xc2\xdb\x38\xe4"
	"\x4e\x21\x39\x24\xf8\xd2\x7d\x98\x68\x94\x3c\x0a\xa2\x01\x6b\x40"
	"\x33\x5b\x03\xa2\x62\xa8\x04\x20\x74\x79\xcb\x45\xc3\x9e\xb3\x35"
	"\x9a\xa8\xaf\xcf\xc2\x48\xf9\x8a\x3b\x0a\x9b\x0d\xf1\x6e\xd8\x79"
	"\xf4\xf8\xb9\x72\xba\x22\x94\x2b\xc4\x98\xf5\xee\xad\x4f\xb3\xe9"
	"\xb6\xb3\xf1\x0a\xbd\x44\x8e\x08\xe3\x05\xfd\xc5\x55\x5a\xbe\xd8"
	"\xbb\xc1\xc5\xcf\x5f\x28\x2f\x61\x5d\xc5\xac\x4a\x92\xa8\xdd\xe5"
	"\xb1\xb7\x56\x90\x23\xb1\x27\xe3\x34\xf6\xc2\x64\x9b\x6e\xd4\x43"
	"\x36\x88\xa9\xee\x67\x2b\x04\x12\xd9\x62\xd9\x0a\x79\x13\x7a\xf3"
	"\x22\xd3\xa5\xab\xef\x8e\xf2\xa2\x80\xa3\x6c\x45\x3a\xfc\xa8\x59"
	"\x77\xb1\x72\x48\x60\xcf\xcc\xa5\x45\xe9\x6d\x82\xe2\x0b\xe0\x9a"
	"\x19\x08\xa3\x60\x61\x26\x7e\xb8\x2c\xbe\x58\xc3\x4c\x1e\x40\x24"
	"\x7f\x31\x0d\x59\x4c\x68\x16\x80\x43\x65\xff\xb5\xd0\x70\xf1\x47"
	"\xea\x54\x9f\xad\xb2\x1a\xcd\xeb\xeb\xd7\x7b\x31\x99\x9a\xea\xa3"
	"\x54\xd5\x5f\x6c\x44\xd9\xe2\xca\xb5\xf6\x22\x2c\x00\x45\x4e\x04"
	"\x55\x74\xd8\xc0\x23\x09\xe4\x65\x09\xa1\x84\xa1\x88\x86\xbf\x86"
	"\x28\x0a\xa7\x0e\x3e\x9b\x9a\xa5\x5a\x1d\x22\xb1\x55\x85\x88\x6f"
	"\xfd\x52\x44\x83\x80\xcf\xd7\x30\xbf\xad\x16\x79\xe8\xaf\xf0\x5c"
	"\xcc\x5f\x0b\xb2\xda\xba\xf8\x8a\xcc\x7d\xa3\x4a\xfc\xdc\x6a\xb1"
	"\xca\x11\xcf\x8b\xee\x14\x5b\xac\x06\x2a\xc0\x50\x07\x77\x7c\x62"
	"\xa1\x58\x73\x82\x9a\xdf\x65\x05\x92\xc4\x96\xef\xc3\x4b\x40\x38"
	"\x86\x25\x0b\x00\x0e\x6f\x2b\xe2\x7f\x2d\x11\xf3\x9e\x96\xc9\x9e"
	"\xf5\x78\x8e\x00\x47\xf3\x3c\x0e\xa1\xf6\x76\x2e\x4b\xc5\xce\xbb"
	"\xf1\x83\xea\x96\x37\xe7\x1d\x0d\x1e\x79\x97\x22\x1c\xfe\xaa\x70"
	"\x99\xa4\x5d\x0a\xdc\xf4\x35\x4a\x6e\x13\xe4\x49\x20\x9d\x9e\xc8"
	"\x17\x81\xcc\xa4\x61\xdb\x46\xa6\x39\xfd\xd1\x3b\xc3\x94\x19\xef"
	"\x5f\x99\xfd\x83\x57\x46\x49\x99\xed\x36\xa3\x15\x35\xf5\x84\xc9"
	"\x32\xc5\xeb\xf2\x62\x40\xe7\xd6\x8f\x9a\xcc\xd9\x5c\x7c\xa2\xf7"
	"\x77\x32\xf7\xb2\x88\x51\xfc\x51\xa5\x05\x6c\x06\xad\x98\x25\xc7"
	"\xd6\x09\x2c\x3a\x4a\x7e\x60\x51\x86\x91\xcf\xf3\x3d\x7e\x88\x9d"
	"\x86\x31\x04\x19\x27\x65\xfc\x91\xc6\xf8\xc5\x68\xbf\x72\x7b\xaa"
	"\x15\x09\xd1\xb9\x5a\xbe\x3c\x60\xf3\xc1\x87\xa3\xb8\x9c\x0e\x8c"
	"\x26\xbf\x89\x45\x37\xb2\x82\x97\x4b\xa1\x1a\xd2\xa6\xad\x8d\xab"
	"\xb5\x2c\x0e\xbd\x9d\x8f\xbf\x52\xb2\x63\x47\xab\x24\x5d\xa0\x9e"
	"\x1e\x09\xb4\xea\x4a\xb2\x0c\x65\x96\x62\x1d\x84\x04\x6f\x4a\x1c"
	"\x52\xbd\x8d\x0e\x40\x0e\xa0\x3d\x89\x5f\xed\xf2\x10\xc1\x2e\x07"
	"\x61\x14\x4b\x2f\x34\x43\xaf\x99\x16\xcd\xe4\x44\x39\x78\xe7\xb6"
	"\x60\x69\xed\x25\x6a\x8e\xb3\xf2\x2c\x0a\x78\x0e\xc9\x0e\x8f\x3e"
	"\xf2\x5d\x74\x40\xef\x85\x6a\x07\x5e\x5f\xd3\xef\x3d\x6d\xf5\x3a"
	"\x1e\x90\x4f\x58\xfd\x12\x7f\x71\x37\xe0\x41\xa1\x3e\x01\x06\xe8"
	"\x87\x18\xd9\x34\xd7\x9d\xfb\xa6\x39\xe1\x23\xcf\xec\x25\xb6\xa8"
	"\xac\xa5\xab\xcd\x0c\xf6\x33\x5b\xd0\xf0\xed\x09\x56\xf3\xf3\x66"
	"\x75\xfc\xb3\x3e\xbd\x1c\xbb\xe7\xb5\x0d\xa9\x5a\xa5\xdb\x36\xab"
	"\x4e\x9a\xf8\x01\x58\x68\x1d\x57\xe9\x0e\x93\xd6\x4c\x93\x18\xa0"
	"\xed\x94\x6c\x11\x72\xc9\x96\x71\x9a\x11\x79\x1d\x97\x9e\x27\x94"
	"\xb2\x0d\x81\xce\x5f\xbc\xc3\xe5\x65\x65\xf3\x85\xd2\x76\x29\x04"
	"\xcf\x84\x9d\x84\xf2\xce\x8f\x32\x83\x38\x22\x00\xd8\x9c\xc8\x0f"
	"\x78\x80\x18\xbd\xeb\x15\x57\xf1\x24\x56\xcb\xbb\x2f\x17\xef\xda"
	"\x8d\xb2\x78\xc4\x5b\x07\x17\x2e\xed\xd7\xd2\xcc\x67\xaf\xba\xcb"
	"\x46\x3e\x57\x7c\x80\x3a\x9e\x3d\x34\x95\x5e\x0b\x88\x9f\x07\x49"
	"\xca\xf6\x6b\x03\xad\x5c\x65\x25\xfb\x16\xed\x97\x34\x12\x21\x61"
	"\xf4\x08\x6b\xb0\x61\x60\xff\x5f\xec\x74\xdf\x06\xdf\xa5\x57\x3b"
	"\xd7\x87\xb9\x9d\xae\x8b\x8e\xdd\x17\x1e\x6f\x0d\xff\xd8\xe0\xaf"
	"\xf3\xc3\xf1\xa5\xc5\xcc\xd6\x80\xa8\x08\x76\xf6\xa9\x1e\xcf\x92"
	"\x8e\x56\xd8\x03\x74\x68\x8a\x01\xaa\xdc\x46\x10\x95\x1b\x96\xc6"
	"\x01\x9f\x19\xa1\xa8\x3a\x6d\x38\xf3\xc2\x9d\xcf\x6c\x32\xc4\x42"
	"\x63\xc7\x31\x2c\xbc\x99\x2d\x44\xa4\x02\xd6\x91\xe6\x5a\x57\x25"
	"\x99\x8f\xfd\x1c\x02\xf9\x09\x79\x56\x45\x81\x83\x84\x32\x34\xd1"
	"\xcf\x28\x9d\xb6\x19\x10\x86\x38\x34\x95\x8c\x78\xf1\x2e\x62\x62"
	"\x22\xee\xb0\x8c\x64\x59\x18\xc9\x33\x1d\x83\x5f\x00\x45\x98\x13"
	"\x7f\xee\x23\x3e\x05\x82\x36\xc7\xbf\x43\xdc\x2c\x45\x95\x4d\xf6"
	"\x08\x9a\xd9\x66\x4f\xfd\x39\x42\xf1\xbe\x6e\x4c\x03\xc9\xea\x1b"
	"\x7b\xb6\x65\x63\x50\x32\x64\x36\x71\x1c\x34\x5d\x5d\x4b\xc7\x41"
	"\x70\xc8\x0c\xbd\x3c\x8f\x89\x3b\x41\x5c\x6f\x19\x6d\xee\x38\xe6"
	"\x00\x0d\xf9\x94\xbd\x37\x31\x90\xa8\x4a\x46\x63\xbb\x5b\x24\xfb"
	"\x5c\xb1\x71\x6d\x24\xef\x16\xd0\x16\xc4\xf9\x9f\xfc\xae\xad\x29"
	"\xea\x41\x6d\xcd\x4d\x9c\x84\xf9\xa4\xce\x26\x33\xdc\x91\x1b\xaf"
	"\x70\x36\xb7\x51\x1f\x6f\x77\x86\x91\xe6\x16\xfa\xd4\x1c\x81\x1c"
	"\xf1\xb8\x57\x9d\x09\x8a\x10\xc9\xf3\xe2\x4e\x90\xa0\xbb\x30\x21"
	"\xd6\x7e\x8f\x3e\x19\x15\x9e\x35\x41\xf0\x5e\x98\xf6\x34\xb1\xc8"
	"\x60\xa0\xd9\x53\x6c\x02\x64\xb6\x85\x84\xce\x03\x6d\x82\x04\x8e"
	"\x27\xa4\x9c\x61\x11\x7d\x57\x35\x1d\x62\x9f\x72\x65\xd9\x0e\xb2"
	"\x14\x0a\x55\xba\x5c\xc9\x19\xb1\xab\x75\x8b\x10\xba\xce\x70\x4d"
	"\x7d\x85\x2d\x19\x71\x4e\x17\x64\xd3\x32\x6d\x77\x90\xee\x52\xc3"
	"\x19\xac\x61\x6a\xd2\x29\x82\xdd\xcd\x39\x28\xd3\x46\xce\x00\xd9"
	"\x9d\xba\xfa\x16\x6c\x97\x53\xd3\x50\xa5\x43\x4c\xc7\xe7\xd7\xa7"
	"\xc3\xef\x87\xde\xe4\x73\xed\xa9\x26\x7c\xe0\x47\xfd\xcc\xa1\x96"
	"\xa9\xc6\xcb\xbe\x88\x08\xb3\x7b\xd7\x8d\x37\xbb\x5e\x4a\xc9\x2d"
	"\x7a\x00\xb2\xfd\xe6\xce\xfb\x28\x3b\xeb\xc3\x63\x1b\xc6\x08\x91"
	"\x25\xc2\x4b\xee\x72\x33\x47\xb3\x96\x78\x21\xc8\xea\x9f\x66\x4d"
	"\x73\x94\x2c\x39\x52\xf0\x00\x53\x45\xf7\x42\x29\x61\x9a\xc8\x31"
	"\xa6\x98\x0f\xbc\x63\x4f\x0d\x94\x84\x06\x87\x38\x13\xcb\x44\x49"
	"\x93\x29\x4e\xc2\x5c\xea\x1d\x67\x6e\xe5\x38\xcd\xc6\x69\x06\xfa"
	"\x65\x53\x6b\x92\xa3\x6b\x14\xd0\x5d\xb4\xa1\x33\x64\xc5\x00\xd2"
	"\xd4\xc4\x49\x68\x5b\x06\xd4\xb3\x8d\x06\x06\xb9\x2e\x12\x51\x14"
	"\x4f\x2d\x1b\x99\xcb\x4c\xe3\x39\x26\xaa\x0c\x1d\x17\x19\x37\xa6"
	"\xf0\x26\x33\xc4\xa3\x11\x68\x73\x44\x19\x8a\x89\xa9\x80\xc6\x5c"
	"\x02\xa9\x1e\xdf\x9f\x9f\x7f\x36\xd7\xc8\xad\xd0\x2f\x4f\xf5\xbf"
	"\xdf\xeb\x97\x87\x9f\x97\x18\x9a\xff\x42\xe4\x82\xef\xd3\x5f\xb3"
	"\x28\x6a\xb9\x84\x8f\x0f\x77\x7c\xb8\x3f\x1f\x4f\xbf\xfa\x87\xb7"
	"\xf3\xe9\xf0\xdb\x3b\xc4\x0c\x29\x21\x37\x0a\x34\x87\x88\x93\xff"
	"\x71\xff\x56\x7f\x8e\x58\x1d\xf5\xe3\x4d\x74\x3c\xbe\xde\xfc\x83"
	"\x55\xfe\xcf\x9b\xdf\x2f\x2f\x7f\xeb\xbc\x5c\xae\x70\x39\xb1\x35"
	"\xcb\xfe\xdf\x89\xd4\x41\xa7\x0d\x50\x31\x40\x8d\x96\x3a\x1d\x8a"
	"\x03\x43\xe7\xea\x3e\xa7\x13\x07\x33\x50\x57\x26\xf2\x5c\x63\x62"
	"\xae\xee\xf2\x74\xc0\xc2\x0c\x8b\x95\xad\x84\xa4\x08\xdd\x56\xdf"
	"\x3f\x9d\x7f\x74\x74\x69\x5b\x7a\x3a\xdf\xe4\xf7\xe7\xfa\x26\x3e"
	"\xbe\x1c\xce\x6a\x17\x2d\x83\xc9\x04\x93\x78\x4e\x9b\x60\xc2\x6b"
	"\x1b\xa6\xae\x15\xef\xcf\x87\xc7\xc3\xf9\xa7\x76\x3c\x62\xcb\x46"
	"\x16\x1c\x7f\x5d\x20\xe8\x07\x6b\x1f\xcc\x18\x24\xe1\x62\x51\x22"
	"\x13\x88\x86\x33\xcc\x04\x05\x92\xd5\x6f\x78\xc8\x64\xfb\x0c\xa0"
	"\x6a\xcf\xf5\xfd\xdb\xfb\xa9\x7e\xae\x5f\xce\x37\xef\xac\xc7\x34"
	"\x22\x35\x31\x86\x84\x66\x82\xee\x5a\x42\x36\xf2\xa8\x19\xdf\x90"
	"\x31\x0d\xb9\x89\xf7\x88\xaa\x0b\x93\x6d\x15\x67\xe5\xd4\x70\xf0"
	"\xca\xbb\x3c\xd8\x1b\x80\x27\xf4\x62\xcb\xe0\x79\xef\x91\x60\x8d"
	"\xa6\x22\x2e\xab\x23\x2f\x13\xf2\x8c\xbd\xac\xd9\x4e\xd1\xd8\xb6"
	"\x8d\x68\xbd\xfe\x78\x0c\x1c\xf1\xbf\xfa\x15\xb5\x11\x71\x21\x91"
	"\x0d\xb9\xdc\x11\x7f\x66\x9f\xce\x31\xc0\x4e\x4e\xc4\x9c\x73\x17"
	"\x6b\x13\x0b\xd7\x02\x12\x32\xe0\x5e\x6c\x5b\x26\x02\xc6\x02\x34"
	"\x64\xcd\x60\x24\x1b\xb1\xf6\x19\x69\x3a\x45\xb6\x64\xab\xcc\x22"
	"\x19\x93\x6c\x62\x18\xfa\xa8\x70\x1e\x0f\x68\x22\xab\xca\x57\x4a"
	"\x98\xc5\x89\x00\x63\x64\xb9\x81\x82\x58\x16\x39\x86\x3f\xc9\x74"
	"\x04\xd3\x1f\x48\x77\xa7\x59\xc1\x46\xc2\x44\x4e\xa2\x4d\xb6\xbd"
	"\x47\xc9\x34\x34\xcd\x09\xba\x85\xb4\x6d\x24\x22\xa8\xf0\xa8\x3d"
	"\x41\x02\x13\x38\x0d\x81\xb8\x6a\xc3\x29\x79\xc4\xe4\x14\x8d\x98"
	"\x9c\x38\x08\x20\x47\x49\x1d\xd3\xb5\xf4\x61\x55\x5b\x2f\x89\xd0"
	"\x2e\xda\x06\x71\x34\x35\x66\x7d\x55\x15\xdf\x7f\x7f\xa9\xcf\xe2"
	"\xc8\x44\x3b\x43\x36\xa8\x8b\x38\x27\x21\xc6\xd4\xc6\x98\xcf\x91"
	"\x59\xd5\x9c\xaa\xc4\x64\x95\x0c\xe8\xaf\x2b\x0f\x7a\x14\x41\x56"
	"\xb6\x89\xa3\xf1\xda\x8e\x12\x5a\xad\xaa\x0b\x5e\x39\xbe\x34\xb6"
	"\x43\xb5\x8e\x3d\x87\xed\x6d\xd1\xa6\xaa\x7c\x4a\x73\x9b\xf5\xe0"
	"\xe1\xe9\xf0\xd2\xeb\x64\xc9\xfa\x78\x3d\x9e\xd9\x2a\x71\xd0\x1c"
	"\x5e\xb1\xbd\x95\x8b\x2c\xab\x60\xf7\x4d\x90\x8d\x3e\xd8\x76\xa6"
	"\x8d\xdb\x84\x98\x8c\x15\x59\xc4\x56\x63\x0d\x40\xd1\xa9\x7e\x83"
	"\xc5\x4c\x27\x25\x8b\x38\xc3\x72\x60\xac\x33\xac\xed\x59\x64\x9a"
	"\x03\x27\x51\x82\x8c\x8e\x7e\x16\xb1\xd1\xc7\x02\x24\x9c\x29\x22"
	"\x7c\x40\xb2\x67\x43\x62\x81\xe7\x63\x2f\x1c\xcc\xba\x59\x67\x6c"
	"\xa1\xd3\x7f\xc6\xb7\x8c\x30\xdd\x3c\xd5\x2f\x49\x2f\x10\xf2\xac"
	"\x9b\x74\xd4\x9e\xcb\xa7\x29\xcd\x08\x1c\xff\x3a\x3c\x23\x06\x51"
	"\x14\xfa\x24\x87\xb4\xb5\x01\x86\x03\x43\xf7\x73\x47\x63\x65\x15"
	"\xf5\xf3\x2b\x98\xe2\xc8\xd0\x32\x11\x0b\x63\x71\x1d\x94\x7a\x69"
	"\x99\x21\x91\x5d\x71\xb4\x9f\x1b\x53\x4c\x25\xc6\x99\x81\x1c\x93"
	"\x16\xf4\x8e\x22\xba\x99\x93\x10\x65\x97\x14\x7a\x5f\x88\x6d\x1c"
	"\xa8\xd1\xa3\x17\x00\xfb\xb8\x8b\x66\x1f\x5f\xb0\x22\xaf\x4b\x05"
	"\x2b\x04\xaf\x7d\xe5\x5a\x4c\xa2\x73\x04\x63\xd7\xd1\xd7\xdf\x83"
	"\x41\xe2\x65\x45\x58\x45\x99\xee\xa2\x36\xcc\x6f\x21\x47\x9d\x7c"
	"\x9b\xb4\xea\xfa\xaf\x34\x05\xdc\xff\x2f\xc9\xbf\x98\x6a\xf9\xd6"
	"\x8a\xfb\xcc\x5b\x5b\x57\xc6\x4c\x7d\xaa\x2d\x27\x5e\xa4\x7a\x3e"
	"\xad\xd3\x5d\x03\x70\x0f\x6d\xec\xf4\x1a\xc9\x8b\xb0\x80\x00\xe6"
	"\x2c\xc8\xbd\xac\x94\x3d\xdc\x32\xf9\xdc\xaa\x29\x6a\x7c\x7a\x11"
	"\xf7\x9e\x86\x61\x3a\x33\xf4\x8f\x8e\x04\xca\x00\x63\x8c\x38\xd1"
	"\x86\x19\xf8\x07\xea\x65\x01\xbc\x15\xc0\xa5\x09\xf2\xb2\x47\x91"
	"\xec\xc9\x25\x68\xa4\x58\xcf\x10\x80\x30\x4e\x5f\x04\x79\x14\x26"
	"\x03\x0c\x51\xe6\x99\x2e\x82\x01\x2d\x38\xe2\x80\xa6\x43\x35\x64"
	"\x21\x2d\x08\x13\x90\x74\x80\x87\xa6\x1e\x84\x65\x0f\x71\x14\x31"
	"\x86\x5a\x27\xe8\xe0\x8c\x83\x9d\xdb\x09\x94\x66\xc1\x39\x50\x07"
	"\x60\x3f\xe9\xc3\xb9\x35\xf9\x60\x21\x47\x17\x7d\xff\xed\x8d\x7b"
	"\xad\x5f\x6f\x17\x1b\xdf\x40\x35\xb7\x17\x24\x01\xcb\xf6\xa4\xb2"
	"\xdc\x24\xe6\xd9\xda\xf4\x33\xb3\xcb\x55\xd2\x85\x85\x86\x76\x6c"
	"\xd2\x84\x70\x0e\x34\x57\x18\x4f\x3b\xc6\xaf\x37\xb3\x5b\xd7\x98"
	"\x4e\x2a\x4a\x0a\x32\xcc\x19\x72\xce\xfd\x30\x27\x0f\xf6\xd4\xe9"
	"\x8d\xb6\x96\x52\xd1\x46\x70\xd5\xed\x21\xa1\x41\xb1\xd7\x3f\x33"
	"\xcc\xea\x13\xe0\x07\x72\x84\x90\x67\xb1\x3d\xef\xa7\x57\x87\x89"
	"\x9f\xc9\xe1\x0e\x39\x41\x96\xbb\x75\x99\xf8\x41\xbe\x48\xa3\xe2"
	"\x03\xc0\x0c\xc2\xbf\xa8\xa3\x61\x1a\xa4\x85\x45\x08\x95\x80\x93"
	"\x1c\x4a\x6b\x71\xda\x3e\xfd\x76\x00\x88\xe6\x7f\xfd\xf8\x4f\xf3"
	"\x8f\x3f\x5f\x1e\xc5\xbf\x3e\xf5\x11\x1c\xae\xf5\x0e\xc7\x92\x44"
	"\xe1\x22\xd9\xfa\x61\xac\xf3\x74\x48\xb6\x8a\xb7\x32\x2f\x10\x0b"
	"\x03\x76\x3e\x7f\xbb\xcc\xf2\x54\xf7\x10\x1c\xfb\x53\x1f\xf3\x69"
	"\x43\x96\x14\x81\xec\x56\xf4\x77\xac\x7c\x56\x7b\x1c\xa1\xfa\x9d"
	"\xad\xcd\x00\xa7\x43\xfb\x48\x4e\xea\xdc\x57\x4c\x52\x4a\xe5\x9b"
	"\x84\x40\x27\x7f\xc9\x92\x4d\xba\xc4\x71\xec\x4e\xea\xf9\x96\xb4"
	"\xcf\xaa\x6c\x66\xab\x39\xe9\x37\xf5\xe9\xa5\x7e\xa2\xe5\x75\xf4"
	"\x37\x54\x92\x28\xf6\x13\x75\xd3\x05\xda\xb2\x8c\xa2\x2a\x21\x6c"
	"\x79\xe1\xde\x1e\xc5\x97\x4f\xbf\x14\x64\xc5\x4b\x7e\xf9\xfc\x0b"
	"\x78\xf2\x85\xe0\x95\x4a\x7e\xf9\xbf\x5f\xf2\x20\x4b\x05\xe1\x93"
	"\x5c\x3f\x60\x66\xec\x78\x96\xf9\x6b\xf0\x1d\x82\xeb\x50\x56\x71"
	"\x19\xc1\x4a\x41\x12\x02\xc8\xdb\x1a\xd4\xab\x2b\xb7\x36\xe6\x82"
	"\xd7\x41\x12\xc0\xfa\x5b\xa7\x69\x27\x9d\x8c\x42\xa8\x48\x59\xa4"
	"\x3c\x1a\x83\x49\xe8\x07\x38\x21\xc7\x4d\xee\x7d\x8c\x33\x2b\x8b"
	"\x96\x51\x1a\x85\x9b\xcf\x37\xb4\x64\x02\xdb\x95\x0b\xa8\x82\x17"
	"\xf6\xe5\xea\x70\x7a\xe6\x21\x9c\x3d\xf7\x0e\xae\x19\x28\x64\x5c"
	"\xd9\xf5\x82\xa1\xbc\x2c\x04\x4f\xa7\x82\x19\x80\xfa\x8b\xf0\x65"
	"\x98\xc7\x3b\xf0\xa5\x65\x53\x21\x46\x74\xd6\x72\x57\x79\xcb\xd5"
	"\xf0\xec\xa2\x4c\x45\x4f\x27\x0a\x4c\x81\x88\xc7\xf2\x3c\x05\x5a"
	"\x86\x72\x77\x07\xd4\xdd\xb5\xf8\x86\xfa\x8c\x11\x4f\xb3\x47\x5b"
	"\x1e\x00\x08\x87\xaf\x4a\x5d\xa7\x17\xe1\x66\xb3\x03\x5f\xc0\x4b"
	"\x20\x68\xd7\xe9\xc2\xaa\x10\x6f\x07\x46\xb3\xf5\x39\x1e\x19\x65"
	"\x22\xe5\x0a\xe3\x05\x25\xe5\xd3\x81\xd7\xa9\xbc\x03\xb8\x2b\x48"
	"\xce\xb7\x07\x6b\x0d\xaf\x51\xc4\x6c\x84\xc5\x9d\x52\x75\x90\x70"
	"\xef\xdd\xb0\xeb\x85\xd3\x3e\x32\x44\x03\x1f\x49\x94\x2e\x10\x0e"
	"\xfd\x90\xf2\x24\x30\x3a\xbc\x79\xe0\xc2\xd4\x80\xec\x47\xd8\xbc"
	"\x90\x55\x78\x7d\xc9\xd7\x85\x2f\xf5\x03\xfc\x46\xab\x83\x54\x6e"
	"\x0b\x3e\x54\xb2\x29\x17\xd2\x20\x87\xac\x5c\xfa\x21\xfa\x8a\x93"
	"\xf6\x38\x69\xb5\xa4\xe8\xa0\x33\x73\x0c\x27\x2e\x8a\x81\xb6\x24"
	"\x61\xd4\x7f\xb4\xfd\x3a\x8b\x3f\xd7\x89\x2d\x86\x02\x70\x8b\xef"
	"\x97\xb2\xff\xf6\xa4\x28\xf2\x7e\xf1\x45\x80\xfa\xa4\x8e\xdc\x5c"
	"\xa7\x2b\xd0\x58\x87\x32\x23\x7a\xa8\x51\xb2\x80\xc8\x4f\x8b\xf4"
	"\x0c\x61\xc2\x1d\x99\x11\x5b\x77\x09\x49\x5f\xf6\xfa\x21\xed\xb6"
	"\xb8\x23\x56\x20\x68\x4b\xda\x64\xe4\x4a\x33\x6d\xe3\xc2\x88\xc7"
	"\xe4\x6d\x24\xdf\x56\x70\x3c\x84\xd0\xb3\x3b\x84\x8e\x4c\x87\x25"
	"\x15\xe1\x66\x1d\x17\x36\xb5\x20\x6c\x02\xd2\xc0\x01\x51\xea\x06"
	"\x22\x08\x3a\x7d\x57\xa6\x45\x27\x10\x95\xff\x04\x00\x4b\x1e\x43"
	"\xa3\x09\xee\xe1\x29\xf1\x1a\x36\xa6\x6a\x13\x25\xf2\x54\x10\xd0"
	"\xe0\x18\x4e\x2d\xf2\x40\x9a\x1f\xb7\xcb\xb8\xa8\xb6\xba\x14\x80"
	"\x82\x62\x29\xcd\xf3\x0a\x69\x24\x60\x61\x5a\xd2\x09\x22\x1e\x5c"
	"\x9f\x49\xda\xd2\x53\x32\x63\xeb\x5d\xcf\xc5\x73\xb0\x09\xcd\x0b"
	"\x2f\xcc\xbd\xb2\x9b\x06\x2e\xdd\xb2\x7d\x17\xb9\x13\x15\x37\xb0"
	"\x81\x0f\x3f\x6a\xe9\xc0\x62\x49\xb9\x22\xe8\x7b\x08\xf8\x9f\x99"
	"\xe5\xf6\xab\xbf\xf5\xb9\xae\xbf\xaa\xfa\xce\xa1\x76\x3a\x9f\x4e"
	"\x0d\x6c\x8a\x96\xfe\xb2\xd2\x2c\xa9\x7e\x4a\x7f\x5d\x92\xe2\xd7"
	"\xa4\x50\xea\xbd\xc8\x80\x3c\x4d\x63\xca\x9e\x90\x4a\xb6\x2a\x0b"
	"\xfc\x6e\xb3\x9b\x78\xa9\x1f\x64\x90\x9e\x72\x62\xcf\x74\xf4\x30"
	"\x05\x1f\x7c\x66\x73\x7c\xf9\x74\x78\x3b\xba\xae\x33\xff\x6c\x7e"
	"\xea\x4a\xe0\x95\xb5\xfc\xff\xca\xae\xad\xb9\x6d\x5c\x07\xff\x15"
	"\x4f\x9f\xce\x99\xd9\xd3\x13\x3b\x49\x9b\x3c\xe4\x81\xba\xd8\xd6"
	"\x5a\xb7\x90\x52\x12\xe7\x45\x93\x4d\xdd\x34\xd3\xcd\x65\xe2\x64"
	"\xb6\xfd\xf7\x07\x20\x25\x9b\x37\x50\x3e\x33\xbb\x93\x9a\xf8\x44"
	"\x8a\x14\x09\x02\x20\x08\x34\xf3\x33\xc2\x9a\xe2\x30\x26\xa5\x52"
	"\x6c\x37\x1f\xdf\x5e\x26\xdf\x7d\xdd\xc2\x5b\xca\xd6\x07\x96\x45"
	"\x2b\xdb\x8d\x42\x27\xa2\x42\xd9\xe8\xee\xc4\x58\x88\xbd\x1b\x2e"
	"\xa4\x39\xd5\x81\x02\x9c\xa3\x9f\x29\x55\x63\xab\x2b\x1d\xe8\x2b"
	"\xae\x8f\xa3\x95\x0e\xa4\x29\x6a\xe7\xa7\x8f\x2d\x2a\xc2\xc0\x46"
	"\xf7\x56\xbe\x76\x01\xcb\x33\x22\x66\x47\x4f\x95\xbd\xf1\xbc\xac"
	"\xbc\xb7\xb2\x64\xa2\x5b\x64\x0b\x56\x36\x99\xea\xb6\x1e\x5b\x67"
	"\xc8\x20\xa9\x4f\x15\xd8\x5d\x55\x4a\x69\x79\x51\xc5\x18\xec\x8a"
	"\xb3\x72\x91\xd2\x1b\x0a\x4b\x02\xb4\xb9\x43\xdb\xc5\xde\x42\xf6"
	"\x67\x4a\x27\x43\x11\xca\x5c\x82\x99\xd7\x05\xfa\x1c\x70\xe6\x3c"
	"\x58\xd2\x2d\x03\x49\x2d\x77\x62\x8b\x0c\x74\x28\xa2\x49\x81\xa7"
	"\x40\x06\x24\x28\x31\x67\x05\x41\x12\x97\x2d\x13\x4b\x82\x78\x15"
	"\x90\x0d\xf0\xc6\xee\x0d\x29\x1c\x14\x81\x71\xa9\x69\xda\x65\x79"
	"\x73\x12\xa4\x7e\xa1\xa9\xdc\xd3\xe8\xb0\x7c\x30\xef\xad\xbe\xc1"
	"\xc8\xdf\xdd\x2d\x68\xcc\x78\x9b\x4a\xda\xc1\x8d\xe5\xa8\xe8\xf9"
	"\x6d\xb5\x23\xfb\x8d\x1d\x03\xee\xc4\x8b\x33\x51\xf0\x4b\x54\xb9"
	"\xfb\x16\x75\x21\x16\x4e\x21\x37\xe3\xb2\xc1\xa2\xb8\x22\x79\x35"
	"\xd5\x6b\xd8\x61\x51\x61\xa4\x56\x55\x19\x90\xd0\xe6\x44\xd2\xc8"
	"\x38\xad\x97\xd4\x43\x71\x46\xd5\x16\xd7\xe4\x33\x55\xc2\xe8\x95"
	"\x4b\xf5\x4b\xbf\x9a\x0c\x3f\x06\xa6\x6f\xec\x0a\x1a\x79\xd8\x56"
	"\x3a\xd8\x56\x8c\x01\xd0\x69\x5f\x89\xa3\x12\x13\x44\x9c\x01\x1a"
	"\xa0\x33\xe2\xc4\xdb\x02\xcd\x0e\x01\x1d\xd4\xdc\x01\x2f\x4e\xe5"
	"\x32\xb4\x40\xd3\x43\x40\x87\xbc\x38\x71\xde\x6b\x81\x4e\x0e\x01"
	"\x1d\x32\x04\x84\x87\xb2\x05\x3a\x1f\x07\x9d\x1f\x1f\x50\xd3\xf9"
	"\x21\x1f\xf8\xfc\xf8\x80\x71\x3a\x3f\x39\xe0\x9d\xce\xbe\xd2\xe3"
	"\x04\x62\x1c\x4e\xf8\xee\x6c\xbc\x9a\xe9\xec\x90\xd7\x06\x14\x3d"
	"\x09\x98\x88\xb3\xcc\xbf\x20\x77\x6f\x32\xb5\x57\xd8\x40\x98\x8d"
	"\x76\xe2\x78\x14\x31\x3e\x10\xa7\xa3\x88\x2f\xa3\x88\xaf\xa3\x88"
	"\xf3\x51\xc4\x74\xbc\x33\xd3\xf1\xde\x4c\xe9\xee\xac\xaa\xec\xac"
	"\xe3\x61\x72\x4b\x92\x31\xc5\x03\xec\x97\x44\xe2\xe2\x01\x11\xa7"
	"\x79\x43\x1c\x43\xec\x21\xa0\xbe\xb5\xbc\x0a\x83\x78\xc5\x9a\x6c"
	"\xac\xb1\x35\xcf\xf2\x7c\xa4\xb9\x05\x4b\x47\x21\xa0\xf9\xad\x82"
	"\x88\x0c\xfa\xc5\x08\x13\xea\x0e\x53\xb6\x44\xa0\x31\x63\xf8\xc6"
	"\x3a\x05\x7a\xde\x2a\xf3\x66\xda\x44\x04\x2a\x29\xc6\xa5\xaf\xbc"
	"\xf0\x5a\xbc\x6c\x9d\x49\x95\xf4\xf6\x28\xd3\x60\xa0\x74\x20\xd0"
	"\x1b\x31\xfb\x38\x95\x2f\x43\xc1\xfa\xdb\xa6\xf4\x65\xcb\xa1\x36"
	"\x8c\xe9\x02\x32\x0a\xf9\x6a\x21\xf5\xcd\x44\x68\x0a\xdc\xc7\xfb"
	"\xf7\xb3\x4f\x66\xbe\x87\x96\xe5\xd9\x2d\xb3\xcd\x27\x9a\x05\x78"
	"\xf2\xe3\xee\xfe\xe7\xe3\xf3\xc3\xe0\x4f\xf2\xfa\xf6\xf8\xfc\xfe"
	"\x53\x66\xb5\xfa\xf6\xb4\xd9\x3e\xb8\xa9\x44\xa4\x25\x61\x25\x63"
	"\x58\xe8\xe1\x10\x50\xb6\x47\xa3\xc8\x22\x4f\xaf\xe4\x10\x28\xf9"
	"\xe1\xc4\xbc\xb0\x3b\x3c\x2d\xc7\xd3\xef\x7e\xb9\x2e\x59\x91\x05"
	"\x43\x7e\xab\xd1\xab\x92\x56\x5a\x61\x58\x22\x6f\x62\xbb\x0a\xfb"
	"\xcb\xd3\x2b\x68\x9e\xff\x79\x7f\x7c\xda\x4c\x40\xcb\xbf\xff\xb9"
	"\x95\xdd\xba\x57\xe5\x6f\x5a\xcf\xac\xaa\xed\xea\x86\x71\x97\x71"
	"\x7d\xba\xa2\x15\x8d\xb2\x6c\x69\x1a\x37\xc7\xe3\x08\xb4\xab\x5c"
	"\xcc\x8e\x4e\xce\xf4\x93\x1b\x9e\xd5\xe8\x5a\x08\x33\xa7\x20\x64"
	"\xec\x94\x25\x2a\x48\x1a\x61\x8e\x6e\xcb\x56\xc8\xa9\x57\x44\x15"
	"\x71\x92\x2d\xf7\x99\xea\xba\xf4\x86\x0f\x51\x9d\xb2\x74\xac\x14"
	"\x2f\x4e\xf7\x16\xba\xc0\x28\x0b\x65\x7b\x43\x55\xb2\xc0\x3b\xe3"
	"\xde\xe3\x22\x13\x22\x87\xa1\xab\xca\x7c\xad\x3b\x0c\xc8\xf2\xb2"
	"\xe9\x47\xaa\xae\xa4\x89\x4a\xd8\x23\xd8\x97\x9b\xb7\x36\xe5\xdb"
	"\xab\x60\x1d\x29\x5b\xa1\xf3\x80\x9d\x06\x76\xef\xd2\x95\x49\x23"
	"\x81\xee\x75\xa0\x15\xee\xd6\x8c\xfa\x92\x17\x47\xbf\xa6\xe6\x18"
	"\xed\x22\x39\x28\xdf\xb6\xcd\xd3\xcb\xdb\xef\x49\xb2\xf9\xeb\xe3"
	"\xe1\x41\x2d\x11\x73\xc0\xd3\x9b\x26\x2d\x05\x65\x9a\x54\x55\x22"
	"\x50\x06\x68\xa7\xbf\x1b\x74\x5a\x54\x68\x90\x1b\xa9\x06\x66\xca"
	"\x3c\x00\xa9\x22\x34\x94\x12\x1a\x69\xde\x46\x6e\xc0\x2e\xfd\x94"
	"\xa4\x1f\x00\xbc\xcc\x0b\x83\xec\x7e\x80\x81\x12\x9a\x2b\x0d\xba"
	"\x4c\xb4\x82\x11\x61\x4c\x14\xea\xaa\x08\x2d\x6a\x15\x0a\x0b\x0f"
	"\xb6\x42\x83\xa1\x66\x00\x46\xd0\x23\xfb\x23\x67\xdc\x8a\x09\x66"
	"\xd8\x95\x65\x41\xa0\x66\x18\x61\x19\xa9\x26\x64\x81\x59\xc5\x95"
	"\x91\xf6\x15\x7f\x87\x46\x65\x69\xa5\x34\x52\x56\x3f\x9c\x54\x13"
	"\xbc\x86\xf0\xf1\xaa\xd8\xd2\xf2\xee\xf9\xc1\xf4\xc8\xaa\xe2\x55"
	"\x5b\xf7\x01\xd1\x88\x6b\x47\x32\x60\x4d\x27\x7d\x2c\xe2\x96\xe3"
	"\xdd\x74\x65\x35\x27\xde\x07\x6b\xea\x96\x6d\xb9\xe8\x1a\x26\xfc"
	"\x9f\xf2\xfa\xd2\x1b\x1c\xc2\x6d\xb1\xf2\x9b\xce\x0d\x7a\x77\xc5"
	"\xf2\x16\xd6\x99\x49\xec\xc3\xcb\x5d\x9c\xee\x38\x08\x70\xa1\x44"
	"\x0d\x97\xa1\xa0\xcb\x62\x9b\x19\xbb\x6f\xa2\x70\xd4\x6e\xb1\x1f"
	"\xa2\xa6\x6b\x96\xbc\x6a\xd0\x44\xee\x87\xca\x8a\xe8\xb0\x76\xaa"
	"\x1d\x35\xcb\x31\x6e\xd1\x18\xef\xc4\x7e\xae\xd2\xb4\x1e\x59\xd9"
	"\x1c\xa3\xb4\xbb\x3e\x12\x38\x37\xf6\xbc\x67\xf2\xaf\x6d\x1f\x34"
	"\x77\xfb\xc7\xe4\xe9\xe3\x7d\xf3\x6b\x03\xff\xd8\xbc\xdf\x7f\xfe"
	"\xfc\xf9\xdf\xee\x0e\x06\x7d\x2d\xda\x26\xbd\x49\x45\x68\x66\xf6"
	"\x11\x74\x43\xeb\x71\xb4\x92\xeb\x6b\x05\x02\x16\x53\x5d\xd7\xac"
	"\x59\x06\xb0\xf2\xc4\x25\xc0\x0c\x65\x84\xce\xfe\x58\x85\xb0\xc6"
	"\x61\xcc\xb6\x86\x85\x98\x03\x6b\x2a\x14\x1f\x44\x0e\x23\x3f\xf2"
	"\x2e\x98\x05\x83\xd5\xd9\xce\x03\x44\xd0\x8d\xc2\x02\x54\x11\x4d"
	"\x2c\x47\x91\x7d\x4e\x8d\x78\x25\x23\xba\xe9\x13\x58\x6e\x84\xd0"
	"\x5f\xd8\xc1\x45\x9a\x26\x30\x79\x54\xcc\xbb\xc0\x6b\xad\x14\x17"
	"\x0f\x73\x69\xf8\xff\x0a\x3d\x6b\x84\x11\xc7\xc2\xa1\xd8\x3d\xce"
	"\x44\x90\xa9\x66\x63\x08\x11\x9a\xc6\x43\x90\xca\xd0\x5c\x89\x39"
	"\x0c\x42\x09\x5a\x4b\xee\x9e\x15\xf0\xb8\x25\x76\x5a\x39\x2b\x90"
	"\xec\x5d\x93\x35\xca\xbe\x48\x1e\x64\x07\xbf\x33\x12\xf1\xf9\xf6"
	"\x42\x18\x56\x90\xf2\x79\x18\x31\x32\x0b\x10\x22\x23\x74\x37\xf8"
	"\xd1\x07\x36\x37\x9b\xea\xf4\x3d\xd7\x42\xd0\xc5\x91\xd5\x00\x4e"
	"\x21\xb2\xf9\xf4\x52\x8c\x8a\xc5\xc0\xbf\x95\xac\xc4\x1d\x29\xc9"
	"\x42\xaa\x03\x50\x99\xf5\x21\xbd\x22\xd2\xb2\x40\x67\x96\x55\x53"
	"\xe7\x6a\x77\x6f\xd2\xc1\xe9\xd1\xaf\xa0\xf5\x53\x00\xe3\x56\x57"
	"\x7c\xec\xe0\xf6\x80\xc3\xdd\x1c\x5a\x2c\xe3\x75\x53\xf9\x42\x90"
	"\x94\x55\xdd\xc7\x50\xb4\xfc\x3d\xe6\x6d\xa9\x04\xd2\x30\x75\xc1"
	"\x59\xbd\xf4\x63\x06\x15\x64\x3e\xac\x68\xa3\x02\x59\xd8\x15\x52"
	"\x4e\xe8\xe3\x3c\x59\x10\x3c\xa6\x92\x33\x00\x91\x72\x5a\x0a\x3b"
	"\x75\x46\xff\xa0\xaa\xc5\x0a\x0a\xa9\x62\xbd\x6b\xf9\xe6\x65\xb6"
	"\x1e\x2b\x90\x66\x1f\x48\x10\xf0\xc6\x81\x0a\x7e\x1f\xfc\xa4\xe2"
	"\x3a\x43\x51\xdc\xee\x1e\xfa\xbb\xed\x63\x36\x59\x71\x79\x1b\x5f"
	"\x68\x64\xa7\x85\xc1\xd3\xd2\xae\xba\x07\x6a\xae\x1c\xc3\x97\x76"
	"\xf8\xa2\xf5\x85\x88\xcd\x40\x6e\x8b\x18\x19\x4f\x76\x95\xb8\x80"
	"\xc8\x2f\x45\x35\x9f\x1f\x50\x51\x08\xa2\x36\xf6\x00\x60\x79\x8d"
	"\x21\x7a\x02\x80\x7e\x52\xf4\x1f\x9e\x70\x88\x54\x01\x3f\x45\x09"
	"\x52\xeb\xb2\xf2\xf1\x8f\x08\xb6\x07\xf8\x68\x7d\x50\x28\x98\xe1"
	"\x66\x7a\x8f\xa1\x9c\x95\xb0\xd2\x60\x69\x24\xfd\x03\xc4\xfe\xbc"
	"\x83\xc3\x4c\x0c\x02\x95\x44\x13\xe8\x5d\x94\xa3\xc2\x7e\xd5\xc9"
	"\x00\x2c\x14\x83\x92\x31\xf4\x43\xdf\x0a\x99\x89\x8a\xbf\xa3\xe6"
	"\x66\x30\xd8\xd6\x30\xa0\x18\x3d\x14\x84\x60\x92\x2b\xef\x97\x58"
	"\x17\x01\xaf\x58\x16\x8c\x13\xc9\xed\xf7\x8b\xe8\xff\x40\x1e\xd6"
	"\x3e\x48\x83\x6d\x81\xda\x88\x3c\x16\xa2\x17\x51\x3f\x3a\x43\x04"
	"\x1d\xb5\xef\x7d\x3c\x4b\x03\x45\xb3\xd9\xbe\x5b\x3b\x5f\xbe\x4a"
	"\x08\xbf\x4f\x7c\x1d\xb9\x5b\x77\x82\xf2\x44\x8c\x06\x81\x44\x4a"
	"\x37\x81\x6d\x2d\x42\xb7\x8e\x40\x2e\x32\xdc\x53\x41\x8c\xef\xc2"
	"\x30\xe5\xd1\x4f\xd3\x95\x54\x86\xee\xd0\x21\x6f\x5b\xd9\xaf\x65"
	"\x7a\x43\x06\x10\x97\x00\xb4\xa9\x94\x68\xc2\xc8\x6b\x4a\xde\x90"
	"\xb8\x15\x00\x1b\x22\x90\xbf\x04\x48\x5b\xd4\x9c\xa6\x47\x59\x43"
	"\x79\x23\x4a\x7a\xdb\x66\x09\x4d\xe5\xa0\x2c\x2e\x1b\x3b\x14\xb4"
	"\xd5\x57\x46\xa4\xe5\xc2\x6c\xc3\x28\x9a\xd2\xdb\xbd\x9a\x03\xab"
	"\xc0\x04\x41\x6f\x22\xd8\x10\xea\x75\xa0\x87\x75\xa0\xfb\x83\x57"
	"\x66\xa0\x05\xda\x8c\x07\x9a\x7c\xf8\x33\xa3\x3c\x01\xdb\xc8\x2a"
	"\x5d\x8b\xb0\xde\x96\xb0\x86\x61\x74\x51\xde\xd6\xa4\xa4\x20\xed"
	"\x1f\x87\x41\x05\xc3\xb8\x61\x23\x76\x83\x85\x8c\x00\xbc\x57\xf1"
	"\xe1\x77\xc8\x24\xd0\x46\x82\x81\x44\x07\x6f\xdc\x64\xb7\x92\xe3"
	"\x9a\x3e\xb0\xbd\xf1\x6b\x00\x96\x55\x57\xb6\xb9\x5f\x88\x92\x88"
	"\x50\x5b\xc0\x88\xd1\x61\x3c\x13\xca\x87\x39\x35\x8c\xd5\xb8\x34"
	"\xe2\xa6\xc7\x50\x59\x41\x60\x15\xd6\x0d\xb9\xc4\xea\x0c\x75\xee"
	"\x41\x90\xc8\x12\x1e\xa8\x46\xa9\x33\xd8\x65\x29\x74\xc0\x4e\x6c"
	"\xdd\xf4\xb0\x6c\x89\xcd\x60\xb5\xe5\x55\x79\x63\xeb\x2e\x2c\xcf"
	"\x16\xa0\xa5\x57\xf8\x11\x2d\x17\x62\xe4\x1b\xaa\x67\x11\x47\x13"
	"\x60\x94\xce\xf1\x40\xbf\x60\x2b\x2a\x4f\x18\x4f\x45\xb6\x58\xba"
	"\x5a\xb5\xd8\xdc\x7f\xbc\xe1\x15\x38\xc7\xac\x8d\x13\xd1\xd8\x6d"
	"\x81\xb7\x00\x87\x45\x29\x0b\x48\xc8\x71\x04\x19\xbe\x96\x9c\xc4"
	"\xbd\x3f\x20\x6c\xd5\x24\x04\x08\x5d\xb2\xec\x2a\x68\x4f\xda\xe9"
	"\x03\x19\xf8\x1a\x2d\x03\xdf\x1f\x78\x2b\x14\x2f\x6d\x28\xcf\xe3"
	"\xf4\xf9\xfe\xed\xb7\xec\x12\x3c\xd7\x77\x91\xce\xc8\x57\xcf\x7d"
	"\x5f\xa9\x9e\xaf\xcc\xac\x00\xca\xab\x13\x53\x73\x0b\x79\x57\x47"
	"\x7e\x02\xbf\x05\x58\x21\xa5\x06\xd5\x6f\x72\x03\x5e\x4f\x47\xe7"
	"\xba\x89\xee\x1e\xc5\x38\x9f\xd2\x0a\x8e\x4e\xea\xd4\x95\x5a\x85"
	"\xf5\x3a\x30\xec\x2a\xea\x3d\x34\xbc\x8d\x0c\xde\x1b\x37\x73\x5e"
	"\x04\x9b\xe8\x6c\x4b\xc6\xb0\x25\xcb\xac\x55\xb0\xd1\x63\xa0\x62"
	"\x96\x24\xfc\xe2\x78\xf6\xf5\xcb\x99\xc1\x41\x96\x8c\x83\x96\x0b"
	"\x9f\xbc\x95\x39\xc9\xeb\xb5\x32\x79\x98\xf9\x1d\xf6\xbc\xc6\x81"
	"\xeb\x20\x97\xb4\x97\x49\x9d\x66\xd0\x46\x0c\xfa\xb0\x8f\x7b\xc0"
	"\x72\x51\x19\x0f\xaa\x96\xeb\x1a\xcd\xae\xbf\xb0\x2d\x67\x65\x7b"
	"\xe3\x1d\xb5\x9e\x26\xcf\x6f\x64\x64\xd6\xf0\xd0\x0d\xf0\x24\x13"
	"\x44\x1e\x04\x17\x8a\x47\x46\x55\x4d\xbf\x57\xc7\xae\x62\x3b\x6c"
	"\xb9\x83\x91\xf6\x38\x10\x30\xf1\xaa\x81\x6d\x79\xdc\x83\x0b\x16"
	"\xfb\x27\x87\xa4\x60\x18\xee\x72\xd1\xd6\x23\x5d\x94\x50\x98\x4d"
	"\x20\xef\x51\x26\x07\x0b\xcc\x6a\x15\xeb\x1c\x78\x1c\xcb\xc3\xf3"
	"\xbb\x03\x59\xa9\x5a\x57\x61\x0c\xd4\x07\x8c\xb1\x1a\x69\x1b\x4f"
	"\xc7\x6a\xe2\xa2\xe1\x0e\xb4\x66\xde\xb4\x96\x28\xf9\x2d\xec\xf5"
	"\xba\x2b\x54\x3d\x41\x6b\x48\xe8\xd1\x8e\xb5\x49\x66\xe6\xf3\x29"
	"\x88\x00\x94\x57\x85\x77\xe3\x50\x76\x82\xd0\x3c\x75\x31\x05\x23"
	"\x8d\x9a\x16\xd4\x0a\x4f\x44\xc0\x2e\x3e\x6d\x37\x7f\x3f\x3e\x7f"
	"\xfc\xda\xb9\x40\xa9\x70\xe6\x3b\x27\x62\x64\xbd\x2f\x93\xfb\x97"
	"\xb7\xcd\xe4\xe5\x6d\xf2\x63\xf3\xf7\xab\x8c\x6a\x64\x80\x81\x0b"
	"\x2c\x8c\xb4\x0e\x46\xf1\xcc\x2d\x4f\x59\xe2\x2d\x74\xa1\xa0\x9f"
	"\xc5\x59\xbd\xd4\xb5\x71\x9b\xe2\x3e\x84\xa2\xa7\xb7\xd0\x85\x72"
	"\xc3\xc2\xb0\x2b\xf3\x02\x77\x07\xbf\xce\xab\x93\x6f\xc2\xa8\xb7"
	"\x5f\xd5\xb5\x07\x8d\x5e\x81\x9e\xa6\x85\x21\x34\xf4\xa5\x09\x91"
	"\xf4\x56\x51\xd3\x38\xf1\x31\xf9\x9e\xda\xdf\xf7\x72\x5a\xea\xcb"
	"\x67\x9e\xe6\x90\x15\x8f\x56\x38\x30\x46\x29\x06\x0b\xa7\xfa\xc5"
	"\x7c\x3a\x3b\x2b\xda\xdc\x21\xa0\xc8\xe8\x2d\xf4\xbd\x49\x2d\xff"
	"\xd2\xef\x82\xdb\xa0\x4c\xc2\xe4\xd4\x28\xff\x24\x9e\x2a\x0b\x45"
	"\xa1\xeb\x64\x6d\xb3\x4c\xcb\xd8\xf3\x28\x61\x2f\x1d\x9e\x43\xfb"
	"\x82\xd2\xe6\x86\x15\xc5\x3e\xde\x7f\x60\x38\x8b\xfb\xbb\xf7\xcd"
	"\x37\x5d\xb8\xf9\xe7\xf1\xfd\xc7\x84\x6d\xb7\x2f\xf7\x8f\x92\x94"
	"\xdc\xbd\xdf\x19\xa9\x64\xfb\x4e\xc4\x05\xdd\xde\xc2\xcc\x7e\x34"
	"\x3c\xb2\x64\xf0\xdf\xec\xa8\xae\xf2\xf5\xf4\xf8\xe8\x94\x7e\x5e"
	"\xa4\x97\x7a\xa2\xc8\xdd\x64\x5a\xb2\xac\x94\x04\x95\x2f\x4b\xc6"
	"\x29\x7b\x7a\xf9\xb6\xd9\x3a\xac\x20\x8e\x62\x77\xdc\x1b\xee\x29"
	"\x13\x9e\x76\x22\xcf\xdb\xe7\xfc\x3a\x34\xd3\x6b\x68\x91\xee\xd0"
	"\x4d\x23\x3c\x55\x82\x60\x7a\xcd\x09\xf5\x77\xf8\x72\x09\xc6\xe1"
	"\x37\x83\xeb\xf7\xa9\x1e\xb7\x3f\xa8\xbe\x03\x77\x76\xf9\x8e\xaf"
	"\xf0\x46\x0d\x93\xdd\xe8\x55\xe1\x89\x29\x97\x3c\x3e\x6c\xb6\xef"
	"\x6e\x63\x3c\x3e\x9e\x79\xc6\x1a\x8b\x7d\x73\x80\xc7\xcd\xf4\x28"
	"\xc9\xe6\x81\xc9\xd3\xf3\x4d\x67\x84\x47\xa7\x4d\x91\x9c\xb8\xbc"
	"\x24\x39\xf5\xad\xb4\x0c\xe6\x52\x9a\xe3\xdf\xd0\xe8\xf3\x22\x01"
	"\x56\x31\x86\x20\xbc\x54\xf7\x88\xd9\xe9\x97\x11\xc4\xb1\x19\xa3"
	"\xcc\x5a\x0d\x4b\x36\x75\xfa\x05\x85\x50\xad\xaf\xf8\x74\xea\x1b"
	"\x78\x20\x1c\x87\x5e\xa2\x59\xf0\xe9\xf9\x2c\x84\xb8\xae\x4f\xa7"
	"\x6e\xd0\x99\xf8\xf1\xf5\x87\x99\x03\x74\xd8\x47\x7d\x33\x9e\x95"
	"\x6d\x94\x89\x00\xa3\xe2\xf1\x89\xe7\xb1\x08\xd4\x70\x3a\xbf\x7a"
	"\x3f\xb3\x58\x91\xe6\x79\xc6\xc2\x18\xd1\x9c\x8e\x01\xbe\xd0\xaf"
	"\x97\x78\x3b\x35\x77\x76\x02\x67\xa1\x2f\xd9\x2d\x4b\x42\x08\x01"
	"\x22\x2b\x9b\x05\x27\xd2\xc0\x3e\x83\xd5\xa4\x69\xb8\x99\x94\xd7"
	"\x54\x1a\x90\xdd\x4e\xc2\xe8\x01\x00\xe5\x0e\xbf\x83\x33\xed\xfa"
	"\xf2\x3e\xc9\x8b\x96\x97\xfc\x15\x63\x12\xa9\xb8\x91\xf6\x50\xce"
	"\xf1\xf0\xc9\xa9\x29\xbf\xad\x3c\x43\x7c\x76\x32\xa3\x5f\x2a\xbf"
	"\xf5\xcd\x19\x28\x5d\x06\x17\xf7\xad\x30\xb7\x5a\x65\x2c\xbe\x7b"
	"\xfe\xf6\xf2\x34\x29\x3f\x9e\xfe\x02\xc5\xbf\x8f\x81\xe9\x7b\x7f"
	"\x56\x8a\xac\x8b\x6b\x9f\xe0\x96\xf0\x08\xad\x73\x65\xeb\xa7\xf4"
	"\x9c\xd8\x11\xa4\x24\x8d\x85\x27\xb9\x04\xc1\x3e\x16\x98\xa2\x80"
	"\x70\xda\xfd\x33\x6b\x40\x89\xc2\x04\x75\x96\x8a\xab\x49\x55\xd2"
	"\x18\x3a\xd6\xfe\x0e\x28\x7a\x89\xf2\x20\x30\x27\x9c\x0d\x6c\x1c"
	"\xf3\x27\xf0\xd1\x24\x67\x2b\x23\xcc\x40\xb9\xf6\x8d\x67\x7a\x05"
	"\x42\x4a\x70\x73\x45\xc8\x65\x9c\x86\xd6\x7b\x9f\x25\x41\x66\xfb"
	"\x8a\xdd\xd9\xaa\x00\x83\xaa\xe2\xad\x5d\xa5\x4f\xf0\x35\x8d\x37"
	"\x3e\xdd\xac\x4d\xc4\x1b\x64\x7a\xeb\x4c\xac\x8b\x22\x45\xe3\x8f"
	"\x34\x6e\x35\xeb\xda\x4f\xac\xdb\x28\xef\x31\xa2\x8d\x4c\xd8\xcd"
	"\xe9\xd1\x79\x17\xa7\x68\xb5\xc8\x62\x3c\x78\x96\xe7\xfc\x9a\x84"
	"\x54\xaf\x62\xf1\x75\xe7\x76\xba\xa3\xee\x4d\x5c\x92\xae\xce\x01"
	"\xd2\x35\x11\xbc\x6f\x81\xf6\x93\x3a\x55\xf7\x79\xaf\x52\xae\x1a"
	"\xf3\x39\xcb\xc6\x18\x91\xf3\xbb\x94\x47\xb7\x93\xef\x18\x1a\xe5"
	"\xf1\xe1\x59\x05\xbd\x92\xae\xa5\xea\xe8\x66\xb0\x7d\x2b\x23\xa7"
	"\x50\xd6\xbd\x8b\x4f\xf7\xf0\xf0\xf6\xbf\xf8\x04\xc0\xba\x9f\x9b"
	"\xdf\x9f\x5f\x37\x4f\x9f\xb4\x5b\x86\x98\x45\xaa\xe1\x98\x02\x2b"
	"\x19\x8c\x8d\xc6\x2d\x44\x8b\x2e\x2e\x3e\x7d\x32\xee\x31\x21\x3d"
	"\xbd\x69\x38\xd3\x87\x8c\x52\xfa\xab\x32\x61\x7c\x6d\xb7\xe7\x35"
	"\x39\xa3\xe1\x95\x98\x3f\xb8\xed\x0f\x88\xd4\xbb\xff\xd3\x54\x29"
	"\x43\xd1\x64\xd8\x9c\x0f\x23\xa2\x98\x1f\x06\x80\x66\x11\x00\x94"
	"\x69\x55\x7a\x21\x52\x3e\x54\xa0\x3d\x2d\xca\x4a\x1c\x37\x75\x68"
	"\x34\x6c\x22\xf9\xe3\x5f\x6f\x77\x6f\xbf\x27\x6f\x2f\x1f\xef\x8f"
	"\xcf\xba\xb8\x1b\x65\x0d\x4f\x61\x4e\x89\xd4\x67\xf5\xf3\x51\x95"
	"\xfd\x97\xe5\xee\x59\xbb\x68\x78\x19\xd7\xeb\x6e\xce\x31\xd0\x8f"
	"\xb1\x0e\x74\x48\x9e\x96\x04\xb5\x4c\x1b\x3b\xff\xe4\x2e\x62\x52"
	"\x9c\x61\xde\x61\x56\xbb\xa4\xac\xb2\x3c\x78\xf1\x72\x75\x5c\xd4"
	"\x37\xf1\x52\xb9\x45\xf1\x54\xcf\xa5\xce\x63\xf8\x20\xc0\xcb\x8d"
	"\xa2\xe9\x17\x93\xbf\xc4\x9d\x2b\x61\x1b\xe4\xac\x69\x3b\xbf\xb2"
	"\xe8\xc8\xec\xf8\x91\x7c\xe7\x89\x26\x00\x78\x4c\x1a\xad\xcf\x3c"
	"\x8f\x2a\xca\x09\xf5\x2a\x08\x61\xfc\x9a\x5a\x4a\x0a\x11\x65\x94"
	"\xbc\x12\x7f\xf5\x19\x90\xb3\x68\xa7\x93\xe8\xd8\x33\xdf\xfa\x43"
	"\xdb\x99\x9b\xf5\x52\x15\xcb\xef\x81\xa6\x10\x46\x42\x1c\xaa\x16"
	"\xb3\x09\xcf\x6d\xc2\xa3\x27\x2f\x72\xc2\x86\x66\xca\x41\xb2\xd4"
	"\x91\x8e\xf4\x4b\x9d\x66\x69\x92\xfa\xca\x4f\x3a\x7f\xa9\x81\xde"
	"\x07\xd3\xb8\x45\x82\x3f\xce\x86\x24\x75\x51\xfc\xa7\xd7\x8c\x37"
	"\xd4\xd6\x2d\x6e\xf5\x40\x79\x1a\x21\x02\xc2\xcc\x4b\xc9\x6f\xf5"
	"\x44\xdf\x06\xe1\xc4\x5d\x2a\x1e\x13\x3f\x4f\xd1\x5b\xb4\xca\x2b"
	"\x23\x7d\x91\x5e\x8a\xc7\x43\x67\x04\x09\x1a\xd4\x48\x78\xbc\x26"
	"\x52\xfc\xe6\xbe\xb2\x6e\xa5\xa7\xfd\xd5\xca\xa3\xc2\x5b\x3c\x17"
	"\x7a\xdc\x3f\x21\xaa\x38\x53\x89\x6e\x19\xe7\xcc\x38\x7f\x10\xc8"
	"\x1a\xd2\xc2\x2e\x42\x07\x9f\xce\x60\x19\xf2\x64\x52\x1f\x30\xf4"
	"\x06\xe0\x06\x24\xb9\xcc\xf5\x2b\xa6\x66\x94\x91\x38\xbf\xed\x1a"
	"\x66\x5a\x36\x2a\x9e\x10\x0a\x70\x42\x9c\x4a\xa2\xb7\x10\x28\xe2"
	"\xbe\x18\x37\x45\x9d\xc1\xd4\xd5\xa6\x5b\x16\xcd\x13\x3d\x34\x44"
	"\x96\xc0\x07\x58\x64\xc0\x47\xcd\x03\x2a\xf4\x31\xcc\x33\xef\xb1"
	"\x17\x46\x59\xab\x72\x8b\x47\xe2\x48\x00\x45\x5a\x83\xb4\x4d\x5c"
	"\xf9\x12\xe8\xb9\x45\x31\x51\x74\x0c\x9f\xd9\x70\xc4\xda\x95\xba"
	"\x27\xff\xff\x03\xf3\x33\xc8\x16\x90\x48\x02\x00"
MAGIC_END;
